model,file,true,pred,conf
YOLOv8,dataset/test/no_tumor/no1157.jpg,no_tumor,no_tumor,0.9997885823249817
YOLOv8,dataset/test/no_tumor/no1143.jpg,no_tumor,no_tumor,0.9987316727638245
YOLOv8,dataset/test/no_tumor/no1194.jpg,no_tumor,no_tumor,0.9995429515838623
YOLOv8,dataset/test/no_tumor/no1180.jpg,no_tumor,no_tumor,0.9967196583747864
YOLOv8,dataset/test/no_tumor/no1221.jpg,no_tumor,no_tumor,0.9994282126426697
YOLOv8,dataset/test/no_tumor/no1235.jpg,no_tumor,no_tumor,0.9718402028083801
YOLOv8,dataset/test/no_tumor/no1209.jpg,no_tumor,no_tumor,0.9973944425582886
YOLOv8,dataset/test/no_tumor/no1208.jpg,no_tumor,no_tumor,0.9976512789726257
YOLOv8,dataset/test/no_tumor/no1234.jpg,no_tumor,no_tumor,0.99981290102005
YOLOv8,dataset/test/no_tumor/no1220.jpg,no_tumor,no_tumor,0.9989979863166809
YOLOv8,dataset/test/no_tumor/no1181.jpg,no_tumor,no_tumor,0.9789029359817505
YOLOv8,dataset/test/no_tumor/no1195.jpg,no_tumor,no_tumor,0.9691724181175232
YOLOv8,dataset/test/no_tumor/no1142.jpg,no_tumor,no_tumor,0.9993634819984436
YOLOv8,dataset/test/no_tumor/no1156.jpg,no_tumor,no_tumor,0.9976673722267151
YOLOv8,dataset/test/no_tumor/no1140.jpg,no_tumor,no_tumor,0.9993701577186584
YOLOv8,dataset/test/no_tumor/no1154.jpg,no_tumor,no_tumor,0.9997987151145935
YOLOv8,dataset/test/no_tumor/no1168.jpg,no_tumor,no_tumor,0.9962461590766907
YOLOv8,dataset/test/no_tumor/no1183.jpg,no_tumor,no_tumor,0.9999204874038696
YOLOv8,dataset/test/no_tumor/no1197.jpg,no_tumor,no_tumor,0.8957398533821106
YOLOv8,dataset/test/no_tumor/no1236.jpg,no_tumor,no_tumor,0.9992038607597351
YOLOv8,dataset/test/no_tumor/no1222.jpg,no_tumor,no_tumor,0.9998334646224976
YOLOv8,dataset/test/no_tumor/no1223.jpg,no_tumor,no_tumor,0.9997944235801697
YOLOv8,dataset/test/no_tumor/no1237.jpg,no_tumor,no_tumor,0.9788069128990173
YOLOv8,dataset/test/no_tumor/no1196.jpg,no_tumor,no_tumor,0.9994742274284363
YOLOv8,dataset/test/no_tumor/no1182.jpg,no_tumor,no_tumor,0.9989755153656006
YOLOv8,dataset/test/no_tumor/no1169.jpg,no_tumor,no_tumor,0.991061806678772
YOLOv8,dataset/test/no_tumor/no1155.jpg,no_tumor,no_tumor,0.9999616146087646
YOLOv8,dataset/test/no_tumor/no1141.jpg,no_tumor,no_tumor,0.9991796612739563
YOLOv8,dataset/test/no_tumor/no1179.jpg,no_tumor,no_tumor,0.997385561466217
YOLOv8,dataset/test/no_tumor/no1145.jpg,no_tumor,no_tumor,0.9995326995849609
YOLOv8,dataset/test/no_tumor/no1151.jpg,no_tumor,no_tumor,0.9997939467430115
YOLOv8,dataset/test/no_tumor/no1186.jpg,no_tumor,no_tumor,0.9995357990264893
YOLOv8,dataset/test/no_tumor/no1192.jpg,no_tumor,no_tumor,0.9987834095954895
YOLOv8,dataset/test/no_tumor/no1233.jpg,no_tumor,no_tumor,0.99989914894104
YOLOv8,dataset/test/no_tumor/no1227.jpg,no_tumor,no_tumor,0.9996902942657471
YOLOv8,dataset/test/no_tumor/no1226.jpg,no_tumor,no_tumor,0.9993403553962708
YOLOv8,dataset/test/no_tumor/no1232.jpg,no_tumor,no_tumor,0.9984012246131897
YOLOv8,dataset/test/no_tumor/no1193.jpg,no_tumor,no_tumor,0.9990962743759155
YOLOv8,dataset/test/no_tumor/no1187.jpg,no_tumor,no_tumor,0.997944176197052
YOLOv8,dataset/test/no_tumor/no1150.jpg,no_tumor,no_tumor,0.9993182420730591
YOLOv8,dataset/test/no_tumor/no1144.jpg,no_tumor,no_tumor,0.9976879358291626
YOLOv8,dataset/test/no_tumor/no1178.jpg,no_tumor,no_tumor,0.9998341798782349
YOLOv8,dataset/test/no_tumor/no1152.jpg,no_tumor,no_tumor,0.9997722506523132
YOLOv8,dataset/test/no_tumor/no1146.jpg,no_tumor,no_tumor,0.9979686141014099
YOLOv8,dataset/test/no_tumor/no1191.jpg,no_tumor,no_tumor,0.947298526763916
YOLOv8,dataset/test/no_tumor/no1185.jpg,no_tumor,no_tumor,0.9993826150894165
YOLOv8,dataset/test/no_tumor/no1218.jpg,no_tumor,no_tumor,0.9789257049560547
YOLOv8,dataset/test/no_tumor/no1224.jpg,no_tumor,no_tumor,0.9998849630355835
YOLOv8,dataset/test/no_tumor/no1230.jpg,no_tumor,no_tumor,0.9999561309814453
YOLOv8,dataset/test/no_tumor/no1231.jpg,no_tumor,no_tumor,0.9997281432151794
YOLOv8,dataset/test/no_tumor/no1225.jpg,no_tumor,no_tumor,0.9995256662368774
YOLOv8,dataset/test/no_tumor/no1219.jpg,no_tumor,no_tumor,0.9982390403747559
YOLOv8,dataset/test/no_tumor/no1184.jpg,no_tumor,no_tumor,0.9989244341850281
YOLOv8,dataset/test/no_tumor/no1190.jpg,no_tumor,no_tumor,0.9830241203308105
YOLOv8,dataset/test/no_tumor/no1147.jpg,no_tumor,no_tumor,0.9989442229270935
YOLOv8,dataset/test/no_tumor/no1153.jpg,no_tumor,no_tumor,0.9974274039268494
YOLOv8,dataset/test/no_tumor/no1134.jpg,no_tumor,no_tumor,0.9993447661399841
YOLOv8,dataset/test/no_tumor/no1120.jpg,no_tumor,no_tumor,0.9998505115509033
YOLOv8,dataset/test/no_tumor/no1108.jpg,no_tumor,no_tumor,0.9995806813240051
YOLOv8,dataset/test/no_tumor/no1242.jpg,no_tumor,no_tumor,0.999202311038971
YOLOv8,dataset/test/no_tumor/no1256.jpg,no_tumor,no_tumor,0.9999731779098511
YOLOv8,dataset/test/no_tumor/no1054.jpg,no_tumor,no_tumor,0.996995210647583
YOLOv8,dataset/test/no_tumor/no1068.jpg,no_tumor,no_tumor,0.9930902123451233
YOLOv8,dataset/test/no_tumor/no1083.jpg,no_tumor,no_tumor,0.9993864297866821
YOLOv8,dataset/test/no_tumor/no1097.jpg,no_tumor,no_tumor,0.9966291785240173
YOLOv8,dataset/test/no_tumor/no1096.jpg,no_tumor,no_tumor,0.9998459815979004
YOLOv8,dataset/test/no_tumor/no1082.jpg,no_tumor,no_tumor,0.9989851117134094
YOLOv8,dataset/test/no_tumor/no1069.jpg,no_tumor,no_tumor,0.959686279296875
YOLOv8,dataset/test/no_tumor/no1055.jpg,no_tumor,no_tumor,0.8781483769416809
YOLOv8,dataset/test/no_tumor/no1257.jpg,no_tumor,no_tumor,0.998221218585968
YOLOv8,dataset/test/no_tumor/no1243.jpg,no_tumor,no_tumor,0.9998728036880493
YOLOv8,dataset/test/no_tumor/no1109.jpg,no_tumor,no_tumor,0.9980271458625793
YOLOv8,dataset/test/no_tumor/no1121.jpg,no_tumor,no_tumor,0.9983262419700623
YOLOv8,dataset/test/no_tumor/no1135.jpg,no_tumor,no_tumor,0.99956876039505
YOLOv8,dataset/test/no_tumor/no1123.jpg,no_tumor,no_tumor,0.9999936819076538
YOLOv8,dataset/test/no_tumor/no1137.jpg,no_tumor,no_tumor,0.9932045936584473
YOLOv8,dataset/test/no_tumor/no1255.jpg,no_tumor,no_tumor,0.9978741407394409
YOLOv8,dataset/test/no_tumor/no1241.jpg,no_tumor,no_tumor,0.9820407629013062
YOLOv8,dataset/test/no_tumor/no1269.jpg,no_tumor,no_tumor,0.9996293783187866
YOLOv8,dataset/test/no_tumor/no1057.jpg,no_tumor,no_tumor,0.9804739952087402
YOLOv8,dataset/test/no_tumor/no1094.jpg,no_tumor,no_tumor,0.9999189376831055
YOLOv8,dataset/test/no_tumor/no1080.jpg,no_tumor,no_tumor,0.9931151270866394
YOLOv8,dataset/test/no_tumor/no1081.jpg,no_tumor,no_tumor,0.9998743534088135
YOLOv8,dataset/test/no_tumor/no1095.jpg,no_tumor,no_tumor,0.9993616938591003
YOLOv8,dataset/test/no_tumor/no1056.jpg,no_tumor,no_tumor,0.9986528158187866
YOLOv8,dataset/test/no_tumor/no1268.jpg,no_tumor,no_tumor,0.9622095227241516
YOLOv8,dataset/test/no_tumor/no1240.jpg,no_tumor,no_tumor,0.9935258626937866
YOLOv8,dataset/test/no_tumor/no1254.jpg,no_tumor,no_tumor,0.9978711605072021
YOLOv8,dataset/test/no_tumor/no1136.jpg,no_tumor,no_tumor,0.9998959302902222
YOLOv8,dataset/test/no_tumor/no1122.jpg,no_tumor,no_tumor,0.9990552067756653
YOLOv8,dataset/test/no_tumor/no1126.jpg,no_tumor,no_tumor,0.9976052045822144
YOLOv8,dataset/test/no_tumor/no1132.jpg,no_tumor,no_tumor,0.9997850060462952
YOLOv8,dataset/test/no_tumor/no1250.jpg,no_tumor,no_tumor,0.9989988207817078
YOLOv8,dataset/test/no_tumor/no1244.jpg,no_tumor,no_tumor,0.9989930987358093
YOLOv8,dataset/test/no_tumor/no1052.jpg,no_tumor,no_tumor,0.9975274205207825
YOLOv8,dataset/test/no_tumor/no1091.jpg,no_tumor,no_tumor,0.9997007846832275
YOLOv8,dataset/test/no_tumor/no1085.jpg,no_tumor,no_tumor,0.9986914992332458
YOLOv8,dataset/test/no_tumor/no1084.jpg,no_tumor,no_tumor,0.9968309998512268
YOLOv8,dataset/test/no_tumor/no1090.jpg,no_tumor,no_tumor,0.9996358156204224
YOLOv8,dataset/test/no_tumor/no1053.jpg,no_tumor,no_tumor,0.9946159720420837
YOLOv8,dataset/test/no_tumor/no1245.jpg,no_tumor,no_tumor,0.9986861348152161
YOLOv8,dataset/test/no_tumor/no1251.jpg,no_tumor,no_tumor,0.9977008700370789
YOLOv8,dataset/test/no_tumor/no1133.jpg,no_tumor,no_tumor,0.9999194145202637
YOLOv8,dataset/test/no_tumor/no1127.jpg,no_tumor,no_tumor,0.9817944765090942
YOLOv8,dataset/test/no_tumor/no1119.jpg,no_tumor,no_tumor,0.9981613755226135
YOLOv8,dataset/test/no_tumor/no1131.jpg,no_tumor,no_tumor,0.9999730587005615
YOLOv8,dataset/test/no_tumor/no1125.jpg,no_tumor,no_tumor,0.999702513217926
YOLOv8,dataset/test/no_tumor/no1247.jpg,no_tumor,no_tumor,0.999244213104248
YOLOv8,dataset/test/no_tumor/no1253.jpg,no_tumor,no_tumor,0.9998660087585449
YOLOv8,dataset/test/no_tumor/no1079.jpg,no_tumor,no_tumor,0.998354971408844
YOLOv8,dataset/test/no_tumor/no1051.jpg,no_tumor,no_tumor,0.9949235320091248
YOLOv8,dataset/test/no_tumor/no1086.jpg,no_tumor,no_tumor,0.9991809725761414
YOLOv8,dataset/test/no_tumor/no1092.jpg,no_tumor,no_tumor,0.9999357461929321
YOLOv8,dataset/test/no_tumor/no1093.jpg,no_tumor,no_tumor,0.9998635053634644
YOLOv8,dataset/test/no_tumor/no1087.jpg,no_tumor,no_tumor,0.99757319688797
YOLOv8,dataset/test/no_tumor/no1078.jpg,no_tumor,no_tumor,0.9986226558685303
YOLOv8,dataset/test/no_tumor/no1252.jpg,no_tumor,no_tumor,0.9987964630126953
YOLOv8,dataset/test/no_tumor/no1246.jpg,no_tumor,no_tumor,0.9971418976783752
YOLOv8,dataset/test/no_tumor/no1124.jpg,no_tumor,no_tumor,0.9993000030517578
YOLOv8,dataset/test/no_tumor/no1130.jpg,no_tumor,no_tumor,0.9999791383743286
YOLOv8,dataset/test/no_tumor/no1118.jpg,no_tumor,no_tumor,0.9953162670135498
YOLOv8,dataset/test/no_tumor/no1115.jpg,no_tumor,no_tumor,0.9996465444564819
YOLOv8,dataset/test/no_tumor/no1101.jpg,no_tumor,no_tumor,0.9985274076461792
YOLOv8,dataset/test/no_tumor/no1129.jpg,no_tumor,no_tumor,0.999840497970581
YOLOv8,dataset/test/no_tumor/no1263.jpg,no_tumor,no_tumor,0.9985864162445068
YOLOv8,dataset/test/no_tumor/no1061.jpg,no_tumor,no_tumor,0.9960287809371948
YOLOv8,dataset/test/no_tumor/no1075.jpg,no_tumor,no_tumor,0.9992306232452393
YOLOv8,dataset/test/no_tumor/no1074.jpg,no_tumor,no_tumor,0.9327346682548523
YOLOv8,dataset/test/no_tumor/no1060.jpg,no_tumor,no_tumor,0.988419771194458
YOLOv8,dataset/test/no_tumor/no1262.jpg,no_tumor,no_tumor,0.9636227488517761
YOLOv8,dataset/test/no_tumor/no1128.jpg,no_tumor,no_tumor,0.9991286396980286
YOLOv8,dataset/test/no_tumor/no1100.jpg,no_tumor,no_tumor,0.9999969005584717
YOLOv8,dataset/test/no_tumor/no1114.jpg,no_tumor,no_tumor,0.9997050166130066
YOLOv8,dataset/test/no_tumor/no1102.jpg,no_tumor,no_tumor,0.9976110458374023
YOLOv8,dataset/test/no_tumor/no1116.jpg,no_tumor,no_tumor,0.9996985197067261
YOLOv8,dataset/test/no_tumor/no1274.jpg,no_tumor,no_tumor,0.9993289709091187
YOLOv8,dataset/test/no_tumor/no1260.jpg,no_tumor,no_tumor,0.9980332255363464
YOLOv8,dataset/test/no_tumor/no1248.jpg,no_tumor,no_tumor,0.999015212059021
YOLOv8,dataset/test/no_tumor/no1076.jpg,no_tumor,no_tumor,0.9988784193992615
YOLOv8,dataset/test/no_tumor/no1062.jpg,no_tumor,no_tumor,0.9471851587295532
YOLOv8,dataset/test/no_tumor/no1089.jpg,no_tumor,no_tumor,0.9999531507492065
YOLOv8,dataset/test/no_tumor/no1088.jpg,no_tumor,no_tumor,0.9938758015632629
YOLOv8,dataset/test/no_tumor/no1063.jpg,no_tumor,no_tumor,0.9993675351142883
YOLOv8,dataset/test/no_tumor/no1077.jpg,no_tumor,no_tumor,0.9986509680747986
YOLOv8,dataset/test/no_tumor/no1249.jpg,no_tumor,no_tumor,0.9987655878067017
YOLOv8,dataset/test/no_tumor/no1261.jpg,no_tumor,no_tumor,0.9973375201225281
YOLOv8,dataset/test/no_tumor/no1275.jpg,no_tumor,no_tumor,0.9996750354766846
YOLOv8,dataset/test/no_tumor/no1117.jpg,no_tumor,no_tumor,0.9998675584793091
YOLOv8,dataset/test/no_tumor/no1103.jpg,no_tumor,no_tumor,0.997033953666687
YOLOv8,dataset/test/no_tumor/no1107.jpg,no_tumor,no_tumor,0.9990320205688477
YOLOv8,dataset/test/no_tumor/no1113.jpg,no_tumor,no_tumor,0.9998810291290283
YOLOv8,dataset/test/no_tumor/no1259.jpg,no_tumor,no_tumor,0.98711758852005
YOLOv8,dataset/test/no_tumor/no1271.jpg,no_tumor,no_tumor,0.9993461966514587
YOLOv8,dataset/test/no_tumor/no1265.jpg,no_tumor,no_tumor,0.9978699684143066
YOLOv8,dataset/test/no_tumor/no1073.jpg,no_tumor,no_tumor,0.999563992023468
YOLOv8,dataset/test/no_tumor/no1067.jpg,no_tumor,no_tumor,0.9994361996650696
YOLOv8,dataset/test/no_tumor/no1098.jpg,no_tumor,no_tumor,0.999605119228363
YOLOv8,dataset/test/no_tumor/no1099.jpg,no_tumor,no_tumor,0.9996004700660706
YOLOv8,dataset/test/no_tumor/no1066.jpg,no_tumor,no_tumor,0.9970288872718811
YOLOv8,dataset/test/no_tumor/no1072.jpg,no_tumor,no_tumor,0.9996457099914551
YOLOv8,dataset/test/no_tumor/no1264.jpg,no_tumor,no_tumor,0.9950034022331238
YOLOv8,dataset/test/no_tumor/no1270.jpg,no_tumor,no_tumor,0.9999421834945679
YOLOv8,dataset/test/no_tumor/no1258.jpg,no_tumor,no_tumor,0.9982989430427551
YOLOv8,dataset/test/no_tumor/no1112.jpg,no_tumor,no_tumor,0.9979158043861389
YOLOv8,dataset/test/no_tumor/no1106.jpg,no_tumor,no_tumor,0.9996259212493896
YOLOv8,dataset/test/no_tumor/no1138.jpg,no_tumor,no_tumor,0.9991438388824463
YOLOv8,dataset/test/no_tumor/no1110.jpg,no_tumor,no_tumor,0.9935013651847839
YOLOv8,dataset/test/no_tumor/no1104.jpg,no_tumor,no_tumor,0.9979721903800964
YOLOv8,dataset/test/no_tumor/no1266.jpg,no_tumor,no_tumor,0.9976984858512878
YOLOv8,dataset/test/no_tumor/no1272.jpg,no_tumor,no_tumor,0.9997445940971375
YOLOv8,dataset/test/no_tumor/no1058.jpg,no_tumor,no_tumor,0.9926763772964478
YOLOv8,dataset/test/no_tumor/no1064.jpg,no_tumor,no_tumor,0.9962134957313538
YOLOv8,dataset/test/no_tumor/no1070.jpg,no_tumor,no_tumor,0.9996936321258545
YOLOv8,dataset/test/no_tumor/no1071.jpg,no_tumor,no_tumor,0.9998243451118469
YOLOv8,dataset/test/no_tumor/no1065.jpg,no_tumor,no_tumor,0.9959476590156555
YOLOv8,dataset/test/no_tumor/no1059.jpg,no_tumor,no_tumor,0.9939635396003723
YOLOv8,dataset/test/no_tumor/no1273.jpg,no_tumor,no_tumor,0.957869827747345
YOLOv8,dataset/test/no_tumor/no1267.jpg,no_tumor,no_tumor,0.9999212026596069
YOLOv8,dataset/test/no_tumor/no1105.jpg,no_tumor,no_tumor,0.9992319345474243
YOLOv8,dataset/test/no_tumor/no1111.jpg,no_tumor,no_tumor,0.9997896552085876
YOLOv8,dataset/test/no_tumor/no1139.jpg,no_tumor,no_tumor,0.9994919300079346
YOLOv8,dataset/test/no_tumor/no1176.jpg,no_tumor,no_tumor,0.9992683529853821
YOLOv8,dataset/test/no_tumor/no1162.jpg,no_tumor,no_tumor,0.9998795986175537
YOLOv8,dataset/test/no_tumor/no1189.jpg,no_tumor,no_tumor,0.9995996356010437
YOLOv8,dataset/test/no_tumor/no1200.jpg,no_tumor,no_tumor,0.9598092436790466
YOLOv8,dataset/test/no_tumor/no1214.jpg,no_tumor,no_tumor,0.9992338418960571
YOLOv8,dataset/test/no_tumor/no1228.jpg,no_tumor,no_tumor,0.9809162020683289
YOLOv8,dataset/test/no_tumor/no1229.jpg,no_tumor,no_tumor,0.999588668346405
YOLOv8,dataset/test/no_tumor/no1215.jpg,no_tumor,no_tumor,0.9982189536094666
YOLOv8,dataset/test/no_tumor/no1201.jpg,no_tumor,no_tumor,0.9975666999816895
YOLOv8,dataset/test/no_tumor/no1188.jpg,no_tumor,no_tumor,0.9999531507492065
YOLOv8,dataset/test/no_tumor/no1163.jpg,no_tumor,no_tumor,0.9951897859573364
YOLOv8,dataset/test/no_tumor/no1177.jpg,no_tumor,no_tumor,0.9735344052314758
YOLOv8,dataset/test/no_tumor/no1161.jpg,no_tumor,no_tumor,0.999037504196167
YOLOv8,dataset/test/no_tumor/no1175.jpg,no_tumor,no_tumor,0.9969937801361084
YOLOv8,dataset/test/no_tumor/no1149.jpg,no_tumor,no_tumor,0.997617781162262
YOLOv8,dataset/test/no_tumor/no1217.jpg,no_tumor,no_tumor,0.9970847964286804
YOLOv8,dataset/test/no_tumor/no1203.jpg,no_tumor,no_tumor,0.9928713440895081
YOLOv8,dataset/test/no_tumor/no1202.jpg,no_tumor,no_tumor,0.6631276607513428
YOLOv8,dataset/test/no_tumor/no1216.jpg,no_tumor,no_tumor,0.9959255456924438
YOLOv8,dataset/test/no_tumor/no1148.jpg,no_tumor,no_tumor,0.999735414981842
YOLOv8,dataset/test/no_tumor/no1174.jpg,no_tumor,no_tumor,0.9991297125816345
YOLOv8,dataset/test/no_tumor/no1160.jpg,no_tumor,no_tumor,0.9998143315315247
YOLOv8,dataset/test/no_tumor/no1158.jpg,no_tumor,no_tumor,0.999776303768158
YOLOv8,dataset/test/no_tumor/no1164.jpg,no_tumor,no_tumor,0.9981330037117004
YOLOv8,dataset/test/no_tumor/no1170.jpg,no_tumor,no_tumor,0.9984353184700012
YOLOv8,dataset/test/no_tumor/no1212.jpg,no_tumor,no_tumor,0.9995744824409485
YOLOv8,dataset/test/no_tumor/no1206.jpg,no_tumor,no_tumor,0.9976118803024292
YOLOv8,dataset/test/no_tumor/no1207.jpg,no_tumor,no_tumor,0.9991998076438904
YOLOv8,dataset/test/no_tumor/no1213.jpg,no_tumor,no_tumor,0.9999864101409912
YOLOv8,dataset/test/no_tumor/no1171.jpg,no_tumor,no_tumor,0.9841387867927551
YOLOv8,dataset/test/no_tumor/no1165.jpg,no_tumor,tumor,0.503292977809906
YOLOv8,dataset/test/no_tumor/no1159.jpg,no_tumor,no_tumor,0.9997825026512146
YOLOv8,dataset/test/no_tumor/no1173.jpg,no_tumor,no_tumor,0.9979846477508545
YOLOv8,dataset/test/no_tumor/no1167.jpg,no_tumor,no_tumor,0.9999649524688721
YOLOv8,dataset/test/no_tumor/no1198.jpg,no_tumor,no_tumor,0.9787200689315796
YOLOv8,dataset/test/no_tumor/no1239.jpg,no_tumor,no_tumor,0.9976805448532104
YOLOv8,dataset/test/no_tumor/no1205.jpg,no_tumor,no_tumor,0.9836220145225525
YOLOv8,dataset/test/no_tumor/no1211.jpg,no_tumor,no_tumor,0.9863510727882385
YOLOv8,dataset/test/no_tumor/no1210.jpg,no_tumor,no_tumor,0.9980146884918213
YOLOv8,dataset/test/no_tumor/no1204.jpg,no_tumor,no_tumor,0.9912793040275574
YOLOv8,dataset/test/no_tumor/no1238.jpg,no_tumor,no_tumor,0.932823657989502
YOLOv8,dataset/test/no_tumor/no1199.jpg,no_tumor,no_tumor,0.9745569229125977
YOLOv8,dataset/test/no_tumor/no1166.jpg,no_tumor,no_tumor,0.9926387071609497
YOLOv8,dataset/test/no_tumor/no1172.jpg,no_tumor,no_tumor,0.9882490634918213
YOLOv8,dataset/test/tumor/y1141.jpg,tumor,tumor,0.9332784414291382
YOLOv8,dataset/test/tumor/y1155.jpg,tumor,tumor,0.9999773502349854
YOLOv8,dataset/test/tumor/y1169.jpg,tumor,tumor,1.0
YOLOv8,dataset/test/tumor/y1182.jpg,tumor,tumor,0.9999392032623291
YOLOv8,dataset/test/tumor/y1196.jpg,tumor,tumor,0.9999470710754395
YOLOv8,dataset/test/tumor/y1237.jpg,tumor,tumor,0.9864019751548767
YOLOv8,dataset/test/tumor/y1223.jpg,tumor,tumor,0.9999525547027588
YOLOv8,dataset/test/tumor/y1222.jpg,tumor,tumor,0.9999996423721313
YOLOv8,dataset/test/tumor/y1236.jpg,tumor,tumor,0.9959618449211121
YOLOv8,dataset/test/tumor/y1197.jpg,tumor,no_tumor,0.8137944936752319
YOLOv8,dataset/test/tumor/y1183.jpg,tumor,tumor,0.9931147694587708
YOLOv8,dataset/test/tumor/y1168.jpg,tumor,tumor,0.9999926090240479
YOLOv8,dataset/test/tumor/y1154.jpg,tumor,tumor,0.9994319081306458
YOLOv8,dataset/test/tumor/y1140.jpg,tumor,tumor,1.0
YOLOv8,dataset/test/tumor/y1156.jpg,tumor,tumor,1.0
YOLOv8,dataset/test/tumor/y1142.jpg,tumor,tumor,0.6933927536010742
YOLOv8,dataset/test/tumor/y1195.jpg,tumor,tumor,0.9999874830245972
YOLOv8,dataset/test/tumor/y1181.jpg,tumor,tumor,0.9994257688522339
YOLOv8,dataset/test/tumor/y1220.jpg,tumor,tumor,0.9998794794082642
YOLOv8,dataset/test/tumor/y1234.jpg,tumor,tumor,0.9999996423721313
YOLOv8,dataset/test/tumor/y1208.jpg,tumor,tumor,0.999913215637207
YOLOv8,dataset/test/tumor/y1209.jpg,tumor,tumor,0.9230318069458008
YOLOv8,dataset/test/tumor/y1235.jpg,tumor,tumor,0.991752564907074
YOLOv8,dataset/test/tumor/y1221.jpg,tumor,tumor,0.9095401763916016
YOLOv8,dataset/test/tumor/y1180.jpg,tumor,tumor,0.9999984502792358
YOLOv8,dataset/test/tumor/y1194.jpg,tumor,tumor,1.0
YOLOv8,dataset/test/tumor/y1143.jpg,tumor,tumor,0.999962329864502
YOLOv8,dataset/test/tumor/y1157.jpg,tumor,tumor,0.9998444318771362
YOLOv8,dataset/test/tumor/y1153.jpg,tumor,tumor,0.9999710321426392
YOLOv8,dataset/test/tumor/y1147.jpg,tumor,tumor,0.9997959733009338
YOLOv8,dataset/test/tumor/y1190.jpg,tumor,tumor,0.9568875432014465
YOLOv8,dataset/test/tumor/y1184.jpg,tumor,tumor,0.9993189573287964
YOLOv8,dataset/test/tumor/y1219.jpg,tumor,tumor,0.9977627992630005
YOLOv8,dataset/test/tumor/y1225.jpg,tumor,tumor,1.0
YOLOv8,dataset/test/tumor/y1231.jpg,tumor,tumor,0.8264607191085815
YOLOv8,dataset/test/tumor/y1230.jpg,tumor,tumor,0.9997476935386658
YOLOv8,dataset/test/tumor/y1224.jpg,tumor,tumor,0.9999990463256836
YOLOv8,dataset/test/tumor/y1218.jpg,tumor,tumor,0.9998730421066284
YOLOv8,dataset/test/tumor/y1185.jpg,tumor,tumor,0.9856752753257751
YOLOv8,dataset/test/tumor/y1191.jpg,tumor,tumor,1.0
YOLOv8,dataset/test/tumor/y1146.jpg,tumor,tumor,0.9999810457229614
YOLOv8,dataset/test/tumor/y1152.jpg,tumor,tumor,0.9998856782913208
YOLOv8,dataset/test/tumor/y1178.jpg,tumor,tumor,0.9998063445091248
YOLOv8,dataset/test/tumor/y1144.jpg,tumor,tumor,0.9999992847442627
YOLOv8,dataset/test/tumor/y1150.jpg,tumor,tumor,0.9999977350234985
YOLOv8,dataset/test/tumor/y1187.jpg,tumor,tumor,1.0
YOLOv8,dataset/test/tumor/y1193.jpg,tumor,tumor,0.9997618794441223
YOLOv8,dataset/test/tumor/y1232.jpg,tumor,tumor,0.9944090247154236
YOLOv8,dataset/test/tumor/y1226.jpg,tumor,tumor,0.9999207258224487
YOLOv8,dataset/test/tumor/y1227.jpg,tumor,tumor,1.0
YOLOv8,dataset/test/tumor/y1233.jpg,tumor,tumor,0.9746726751327515
YOLOv8,dataset/test/tumor/y1192.jpg,tumor,tumor,0.9999992847442627
YOLOv8,dataset/test/tumor/y1186.jpg,tumor,tumor,0.999525785446167
YOLOv8,dataset/test/tumor/y1151.jpg,tumor,tumor,0.9999662637710571
YOLOv8,dataset/test/tumor/y1145.jpg,tumor,tumor,0.9997785687446594
YOLOv8,dataset/test/tumor/y1179.jpg,tumor,tumor,0.9478053450584412
YOLOv8,dataset/test/tumor/y1122.jpg,tumor,tumor,0.999988317489624
YOLOv8,dataset/test/tumor/y1136.jpg,tumor,tumor,0.9997207522392273
YOLOv8,dataset/test/tumor/y1056.jpg,tumor,tumor,0.9980296492576599
YOLOv8,dataset/test/tumor/y1095.jpg,tumor,tumor,0.9999982118606567
YOLOv8,dataset/test/tumor/y1081.jpg,tumor,tumor,0.9998834133148193
YOLOv8,dataset/test/tumor/y1254.jpg,tumor,tumor,0.99220871925354
YOLOv8,dataset/test/tumor/y1240.jpg,tumor,tumor,0.9740597009658813
YOLOv8,dataset/test/tumor/y1268.jpg,tumor,tumor,0.988338053226471
YOLOv8,dataset/test/tumor/y1269.jpg,tumor,tumor,0.9999963045120239
YOLOv8,dataset/test/tumor/y1241.jpg,tumor,tumor,0.9943342208862305
YOLOv8,dataset/test/tumor/y1255.jpg,tumor,tumor,0.999944806098938
YOLOv8,dataset/test/tumor/y1080.jpg,tumor,tumor,1.0
YOLOv8,dataset/test/tumor/y1094.jpg,tumor,tumor,1.0
YOLOv8,dataset/test/tumor/y1057.jpg,tumor,tumor,0.9993101358413696
YOLOv8,dataset/test/tumor/y1137.jpg,tumor,tumor,0.9997689127922058
YOLOv8,dataset/test/tumor/y1123.jpg,tumor,tumor,0.9853181838989258
YOLOv8,dataset/test/tumor/y1135.jpg,tumor,tumor,0.9979792237281799
YOLOv8,dataset/test/tumor/y1121.jpg,tumor,tumor,0.9998975992202759
YOLOv8,dataset/test/tumor/y1109.jpg,tumor,tumor,0.9998958110809326
YOLOv8,dataset/test/tumor/y1055.jpg,tumor,tumor,0.9371533989906311
YOLOv8,dataset/test/tumor/y1069.jpg,tumor,tumor,1.0
YOLOv8,dataset/test/tumor/y1082.jpg,tumor,tumor,0.9999827146530151
YOLOv8,dataset/test/tumor/y1096.jpg,tumor,tumor,0.9999309778213501
YOLOv8,dataset/test/tumor/y1243.jpg,tumor,tumor,0.9998201727867126
YOLOv8,dataset/test/tumor/y1257.jpg,tumor,tumor,1.0
YOLOv8,dataset/test/tumor/y1256.jpg,tumor,tumor,0.9999974966049194
YOLOv8,dataset/test/tumor/y1242.jpg,tumor,tumor,0.999872088432312
YOLOv8,dataset/test/tumor/y1097.jpg,tumor,tumor,1.0
YOLOv8,dataset/test/tumor/y1083.jpg,tumor,tumor,0.9994124174118042
YOLOv8,dataset/test/tumor/y1068.jpg,tumor,tumor,0.9999998807907104
YOLOv8,dataset/test/tumor/y1054.jpg,tumor,tumor,0.9998236298561096
YOLOv8,dataset/test/tumor/y1108.jpg,tumor,tumor,1.0
YOLOv8,dataset/test/tumor/y1120.jpg,tumor,tumor,1.0
YOLOv8,dataset/test/tumor/y1134.jpg,tumor,tumor,0.9998437166213989
YOLOv8,dataset/test/tumor/y1118.jpg,tumor,tumor,0.9990348815917969
YOLOv8,dataset/test/tumor/y1130.jpg,tumor,tumor,0.9999926090240479
YOLOv8,dataset/test/tumor/y1124.jpg,tumor,tumor,0.9999871253967285
YOLOv8,dataset/test/tumor/y1078.jpg,tumor,tumor,0.9999903440475464
YOLOv8,dataset/test/tumor/y1087.jpg,tumor,tumor,1.0
YOLOv8,dataset/test/tumor/y1093.jpg,tumor,tumor,0.9998207688331604
YOLOv8,dataset/test/tumor/y1246.jpg,tumor,tumor,0.9999822378158569
YOLOv8,dataset/test/tumor/y1252.jpg,tumor,tumor,0.9999314546585083
YOLOv8,dataset/test/tumor/y1253.jpg,tumor,tumor,0.9964278340339661
YOLOv8,dataset/test/tumor/y1247.jpg,tumor,tumor,0.9971436858177185
YOLOv8,dataset/test/tumor/y1092.jpg,tumor,tumor,0.9999992847442627
YOLOv8,dataset/test/tumor/y1086.jpg,tumor,tumor,0.9999921321868896
YOLOv8,dataset/test/tumor/y1051.jpg,tumor,tumor,1.0
YOLOv8,dataset/test/tumor/y1079.jpg,tumor,tumor,0.9893636703491211
YOLOv8,dataset/test/tumor/y1125.jpg,tumor,tumor,0.9922372698783875
YOLOv8,dataset/test/tumor/y1131.jpg,tumor,tumor,1.0
YOLOv8,dataset/test/tumor/y1119.jpg,tumor,tumor,0.9999603033065796
YOLOv8,dataset/test/tumor/y1127.jpg,tumor,tumor,0.9991596937179565
YOLOv8,dataset/test/tumor/y1133.jpg,tumor,tumor,0.9264283776283264
YOLOv8,dataset/test/tumor/y1053.jpg,tumor,tumor,0.9997441172599792
YOLOv8,dataset/test/tumor/y1090.jpg,tumor,tumor,0.8033336400985718
YOLOv8,dataset/test/tumor/y1084.jpg,tumor,tumor,0.9998623132705688
YOLOv8,dataset/test/tumor/y1251.jpg,tumor,tumor,0.9998623132705688
YOLOv8,dataset/test/tumor/y1245.jpg,tumor,no_tumor,0.8297799229621887
YOLOv8,dataset/test/tumor/y1244.jpg,tumor,tumor,0.9999711513519287
YOLOv8,dataset/test/tumor/y1250.jpg,tumor,tumor,0.999982476234436
YOLOv8,dataset/test/tumor/y1085.jpg,tumor,tumor,0.9015137553215027
YOLOv8,dataset/test/tumor/y1091.jpg,tumor,tumor,1.0
YOLOv8,dataset/test/tumor/y1052.jpg,tumor,tumor,0.9999988079071045
YOLOv8,dataset/test/tumor/y1132.jpg,tumor,tumor,0.9984204769134521
YOLOv8,dataset/test/tumor/y1126.jpg,tumor,tumor,0.9999983310699463
YOLOv8,dataset/test/tumor/y1103.jpg,tumor,tumor,0.9999237060546875
YOLOv8,dataset/test/tumor/y1117.jpg,tumor,tumor,1.0
YOLOv8,dataset/test/tumor/y1077.jpg,tumor,tumor,0.999790608882904
YOLOv8,dataset/test/tumor/y1063.jpg,tumor,tumor,0.9999984502792358
YOLOv8,dataset/test/tumor/y1088.jpg,tumor,tumor,0.9974925518035889
YOLOv8,dataset/test/tumor/y1275.jpg,tumor,tumor,0.986523449420929
YOLOv8,dataset/test/tumor/y1261.jpg,tumor,tumor,0.543960690498352
YOLOv8,dataset/test/tumor/y1249.jpg,tumor,tumor,0.9845430254936218
YOLOv8,dataset/test/tumor/y1248.jpg,tumor,tumor,0.999976396560669
YOLOv8,dataset/test/tumor/y1260.jpg,tumor,tumor,1.0
YOLOv8,dataset/test/tumor/y1274.jpg,tumor,tumor,0.9999879598617554
YOLOv8,dataset/test/tumor/y1089.jpg,tumor,tumor,0.9838228821754456
YOLOv8,dataset/test/tumor/y1062.jpg,tumor,tumor,0.8247855305671692
YOLOv8,dataset/test/tumor/y1076.jpg,tumor,tumor,0.9702854752540588
YOLOv8,dataset/test/tumor/y1116.jpg,tumor,tumor,1.0
YOLOv8,dataset/test/tumor/y1102.jpg,tumor,tumor,0.6526389122009277
YOLOv8,dataset/test/tumor/y1114.jpg,tumor,tumor,0.9927835464477539
YOLOv8,dataset/test/tumor/y1100.jpg,tumor,tumor,0.9452947378158569
YOLOv8,dataset/test/tumor/y1128.jpg,tumor,tumor,0.9999995231628418
YOLOv8,dataset/test/tumor/y1060.jpg,tumor,tumor,0.9999980926513672
YOLOv8,dataset/test/tumor/y1074.jpg,tumor,tumor,0.999860405921936
YOLOv8,dataset/test/tumor/y1262.jpg,tumor,tumor,0.5821463465690613
YOLOv8,dataset/test/tumor/y1263.jpg,tumor,tumor,0.9999996423721313
YOLOv8,dataset/test/tumor/y1075.jpg,tumor,tumor,1.0
YOLOv8,dataset/test/tumor/y1061.jpg,tumor,tumor,1.0
YOLOv8,dataset/test/tumor/y1129.jpg,tumor,tumor,1.0
YOLOv8,dataset/test/tumor/y1101.jpg,tumor,tumor,0.9989306330680847
YOLOv8,dataset/test/tumor/y1115.jpg,tumor,tumor,1.0
YOLOv8,dataset/test/tumor/y1139.jpg,tumor,tumor,0.9775819182395935
YOLOv8,dataset/test/tumor/y1111.jpg,tumor,tumor,0.9999024868011475
YOLOv8,dataset/test/tumor/y1105.jpg,tumor,tumor,0.9784426093101501
YOLOv8,dataset/test/tumor/y1059.jpg,tumor,tumor,0.9997593760490417
YOLOv8,dataset/test/tumor/y1065.jpg,tumor,tumor,0.9999539852142334
YOLOv8,dataset/test/tumor/y1071.jpg,tumor,tumor,0.999919056892395
YOLOv8,dataset/test/tumor/y1267.jpg,tumor,tumor,1.0
YOLOv8,dataset/test/tumor/y1273.jpg,tumor,tumor,0.9996198415756226
YOLOv8,dataset/test/tumor/y1272.jpg,tumor,tumor,0.9999998807907104
YOLOv8,dataset/test/tumor/y1266.jpg,tumor,tumor,0.9995641112327576
YOLOv8,dataset/test/tumor/y1070.jpg,tumor,tumor,0.9562094807624817
YOLOv8,dataset/test/tumor/y1064.jpg,tumor,tumor,0.9999340772628784
YOLOv8,dataset/test/tumor/y1058.jpg,tumor,tumor,1.0
YOLOv8,dataset/test/tumor/y1104.jpg,tumor,tumor,0.9998596906661987
YOLOv8,dataset/test/tumor/y1110.jpg,tumor,tumor,0.9983450174331665
YOLOv8,dataset/test/tumor/y1138.jpg,tumor,tumor,0.9538608193397522
YOLOv8,dataset/test/tumor/y1106.jpg,tumor,tumor,0.6014621257781982
YOLOv8,dataset/test/tumor/y1112.jpg,tumor,tumor,0.9815302491188049
YOLOv8,dataset/test/tumor/y1072.jpg,tumor,tumor,1.0
YOLOv8,dataset/test/tumor/y1066.jpg,tumor,tumor,1.0
YOLOv8,dataset/test/tumor/y1099.jpg,tumor,tumor,0.9999634027481079
YOLOv8,dataset/test/tumor/y1258.jpg,tumor,tumor,0.9984893798828125
YOLOv8,dataset/test/tumor/y1270.jpg,tumor,tumor,1.0
YOLOv8,dataset/test/tumor/y1264.jpg,tumor,tumor,0.9440426230430603
YOLOv8,dataset/test/tumor/y1265.jpg,tumor,tumor,0.99998939037323
YOLOv8,dataset/test/tumor/y1271.jpg,tumor,tumor,0.9472757577896118
YOLOv8,dataset/test/tumor/y1259.jpg,tumor,tumor,1.0
YOLOv8,dataset/test/tumor/y1098.jpg,tumor,tumor,1.0
YOLOv8,dataset/test/tumor/y1067.jpg,tumor,tumor,0.9917200803756714
YOLOv8,dataset/test/tumor/y1073.jpg,tumor,tumor,0.9973158240318298
YOLOv8,dataset/test/tumor/y1113.jpg,tumor,tumor,0.8957367539405823
YOLOv8,dataset/test/tumor/y1107.jpg,tumor,tumor,0.9996355772018433
YOLOv8,dataset/test/tumor/y1160.jpg,tumor,tumor,0.6154065728187561
YOLOv8,dataset/test/tumor/y1174.jpg,tumor,tumor,0.9989376664161682
YOLOv8,dataset/test/tumor/y1148.jpg,tumor,tumor,0.9999997615814209
YOLOv8,dataset/test/tumor/y1216.jpg,tumor,tumor,0.9471114873886108
YOLOv8,dataset/test/tumor/y1202.jpg,tumor,tumor,0.8117678761482239
YOLOv8,dataset/test/tumor/y1203.jpg,tumor,tumor,0.9681400060653687
YOLOv8,dataset/test/tumor/y1217.jpg,tumor,tumor,0.999954104423523
YOLOv8,dataset/test/tumor/y1149.jpg,tumor,tumor,0.9510214328765869
YOLOv8,dataset/test/tumor/y1175.jpg,tumor,tumor,1.0
YOLOv8,dataset/test/tumor/y1161.jpg,tumor,tumor,0.999975323677063
YOLOv8,dataset/test/tumor/y1177.jpg,tumor,tumor,0.9998836517333984
YOLOv8,dataset/test/tumor/y1163.jpg,tumor,tumor,0.9962608218193054
YOLOv8,dataset/test/tumor/y1188.jpg,tumor,tumor,0.9987816214561462
YOLOv8,dataset/test/tumor/y1201.jpg,tumor,tumor,0.999560534954071
YOLOv8,dataset/test/tumor/y1215.jpg,tumor,tumor,0.9999980926513672
YOLOv8,dataset/test/tumor/y1229.jpg,tumor,tumor,0.8638914227485657
YOLOv8,dataset/test/tumor/y1228.jpg,tumor,tumor,0.9999068975448608
YOLOv8,dataset/test/tumor/y1214.jpg,tumor,tumor,0.9994522929191589
YOLOv8,dataset/test/tumor/y1200.jpg,tumor,tumor,0.8831487894058228
YOLOv8,dataset/test/tumor/y1189.jpg,tumor,tumor,0.7076826691627502
YOLOv8,dataset/test/tumor/y1162.jpg,tumor,tumor,1.0
YOLOv8,dataset/test/tumor/y1176.jpg,tumor,tumor,0.9494109749794006
YOLOv8,dataset/test/tumor/y1172.jpg,tumor,tumor,0.9902889728546143
YOLOv8,dataset/test/tumor/y1166.jpg,tumor,tumor,1.0
YOLOv8,dataset/test/tumor/y1199.jpg,tumor,tumor,0.9999727010726929
YOLOv8,dataset/test/tumor/y1238.jpg,tumor,tumor,0.9999997615814209
YOLOv8,dataset/test/tumor/y1204.jpg,tumor,tumor,0.9759941101074219
YOLOv8,dataset/test/tumor/y1210.jpg,tumor,no_tumor,0.8522003889083862
YOLOv8,dataset/test/tumor/y1211.jpg,tumor,tumor,0.9738901853561401
YOLOv8,dataset/test/tumor/y1205.jpg,tumor,tumor,0.5629642605781555
YOLOv8,dataset/test/tumor/y1239.jpg,tumor,tumor,0.9799165725708008
YOLOv8,dataset/test/tumor/y1198.jpg,tumor,tumor,1.0
YOLOv8,dataset/test/tumor/y1167.jpg,tumor,tumor,0.9979720711708069
YOLOv8,dataset/test/tumor/y1173.jpg,tumor,tumor,0.9983502626419067
YOLOv8,dataset/test/tumor/y1159.jpg,tumor,tumor,1.0
YOLOv8,dataset/test/tumor/y1165.jpg,tumor,tumor,0.9998732805252075
YOLOv8,dataset/test/tumor/y1171.jpg,tumor,tumor,0.9477311372756958
YOLOv8,dataset/test/tumor/y1213.jpg,tumor,tumor,0.9993895292282104
YOLOv8,dataset/test/tumor/y1207.jpg,tumor,tumor,1.0
YOLOv8,dataset/test/tumor/y1206.jpg,tumor,tumor,0.9992178678512573
YOLOv8,dataset/test/tumor/y1212.jpg,tumor,tumor,1.0
YOLOv8,dataset/test/tumor/y1170.jpg,tumor,tumor,0.9931539297103882
YOLOv8,dataset/test/tumor/y1164.jpg,tumor,tumor,0.9999101161956787
YOLOv8,dataset/test/tumor/y1158.jpg,tumor,tumor,0.9999997615814209
FasterRCNN,dataset/test/no_tumor/no1157.jpg,no_tumor,no_tumor,0.9999923706054688
FasterRCNN,dataset/test/no_tumor/no1143.jpg,no_tumor,no_tumor,0.9999939203262329
FasterRCNN,dataset/test/no_tumor/no1194.jpg,no_tumor,no_tumor,1.0
FasterRCNN,dataset/test/no_tumor/no1180.jpg,no_tumor,no_tumor,0.9999599456787109
FasterRCNN,dataset/test/no_tumor/no1221.jpg,no_tumor,no_tumor,0.9997476935386658
FasterRCNN,dataset/test/no_tumor/no1235.jpg,no_tumor,no_tumor,0.9964367151260376
FasterRCNN,dataset/test/no_tumor/no1209.jpg,no_tumor,no_tumor,0.9999814033508301
FasterRCNN,dataset/test/no_tumor/no1208.jpg,no_tumor,no_tumor,0.9998552799224854
FasterRCNN,dataset/test/no_tumor/no1234.jpg,no_tumor,no_tumor,0.9999992847442627
FasterRCNN,dataset/test/no_tumor/no1220.jpg,no_tumor,no_tumor,0.9999043941497803
FasterRCNN,dataset/test/no_tumor/no1181.jpg,no_tumor,no_tumor,0.9995334148406982
FasterRCNN,dataset/test/no_tumor/no1195.jpg,no_tumor,no_tumor,0.9999998807907104
FasterRCNN,dataset/test/no_tumor/no1142.jpg,no_tumor,no_tumor,0.9999971389770508
FasterRCNN,dataset/test/no_tumor/no1156.jpg,no_tumor,no_tumor,0.9999959468841553
FasterRCNN,dataset/test/no_tumor/no1140.jpg,no_tumor,no_tumor,0.9999397993087769
FasterRCNN,dataset/test/no_tumor/no1154.jpg,no_tumor,no_tumor,0.999829888343811
FasterRCNN,dataset/test/no_tumor/no1168.jpg,no_tumor,no_tumor,0.9917580485343933
FasterRCNN,dataset/test/no_tumor/no1183.jpg,no_tumor,no_tumor,0.9997068047523499
FasterRCNN,dataset/test/no_tumor/no1197.jpg,no_tumor,no_tumor,0.9970194697380066
FasterRCNN,dataset/test/no_tumor/no1236.jpg,no_tumor,no_tumor,0.999995231628418
FasterRCNN,dataset/test/no_tumor/no1222.jpg,no_tumor,no_tumor,0.9999449253082275
FasterRCNN,dataset/test/no_tumor/no1223.jpg,no_tumor,no_tumor,0.9999818801879883
FasterRCNN,dataset/test/no_tumor/no1237.jpg,no_tumor,no_tumor,1.0
FasterRCNN,dataset/test/no_tumor/no1196.jpg,no_tumor,no_tumor,0.9999992847442627
FasterRCNN,dataset/test/no_tumor/no1182.jpg,no_tumor,no_tumor,0.9999659061431885
FasterRCNN,dataset/test/no_tumor/no1169.jpg,no_tumor,no_tumor,0.9961029291152954
FasterRCNN,dataset/test/no_tumor/no1155.jpg,no_tumor,no_tumor,0.9999686479568481
FasterRCNN,dataset/test/no_tumor/no1141.jpg,no_tumor,no_tumor,0.9999996423721313
FasterRCNN,dataset/test/no_tumor/no1179.jpg,no_tumor,no_tumor,0.9999939203262329
FasterRCNN,dataset/test/no_tumor/no1145.jpg,no_tumor,no_tumor,0.9999850988388062
FasterRCNN,dataset/test/no_tumor/no1151.jpg,no_tumor,no_tumor,0.9990278482437134
FasterRCNN,dataset/test/no_tumor/no1186.jpg,no_tumor,no_tumor,0.9999997615814209
FasterRCNN,dataset/test/no_tumor/no1192.jpg,no_tumor,no_tumor,0.9991486072540283
FasterRCNN,dataset/test/no_tumor/no1233.jpg,no_tumor,no_tumor,0.9999643564224243
FasterRCNN,dataset/test/no_tumor/no1227.jpg,no_tumor,no_tumor,0.9999103546142578
FasterRCNN,dataset/test/no_tumor/no1226.jpg,no_tumor,no_tumor,0.9981051683425903
FasterRCNN,dataset/test/no_tumor/no1232.jpg,no_tumor,no_tumor,0.9999998807907104
FasterRCNN,dataset/test/no_tumor/no1193.jpg,no_tumor,no_tumor,0.9999858140945435
FasterRCNN,dataset/test/no_tumor/no1187.jpg,no_tumor,no_tumor,0.9994139671325684
FasterRCNN,dataset/test/no_tumor/no1150.jpg,no_tumor,no_tumor,0.9997304081916809
FasterRCNN,dataset/test/no_tumor/no1144.jpg,no_tumor,no_tumor,0.9999821186065674
FasterRCNN,dataset/test/no_tumor/no1178.jpg,no_tumor,no_tumor,0.9982075691223145
FasterRCNN,dataset/test/no_tumor/no1152.jpg,no_tumor,no_tumor,0.9999922513961792
FasterRCNN,dataset/test/no_tumor/no1146.jpg,no_tumor,no_tumor,0.9999961853027344
FasterRCNN,dataset/test/no_tumor/no1191.jpg,no_tumor,no_tumor,0.9999994039535522
FasterRCNN,dataset/test/no_tumor/no1185.jpg,no_tumor,no_tumor,0.9975837469100952
FasterRCNN,dataset/test/no_tumor/no1218.jpg,no_tumor,no_tumor,0.9992153644561768
FasterRCNN,dataset/test/no_tumor/no1224.jpg,no_tumor,no_tumor,0.9999459981918335
FasterRCNN,dataset/test/no_tumor/no1230.jpg,no_tumor,no_tumor,0.9999330043792725
FasterRCNN,dataset/test/no_tumor/no1231.jpg,no_tumor,no_tumor,0.999846339225769
FasterRCNN,dataset/test/no_tumor/no1225.jpg,no_tumor,no_tumor,0.9999995231628418
FasterRCNN,dataset/test/no_tumor/no1219.jpg,no_tumor,no_tumor,0.9990882873535156
FasterRCNN,dataset/test/no_tumor/no1184.jpg,no_tumor,no_tumor,0.9999899864196777
FasterRCNN,dataset/test/no_tumor/no1190.jpg,no_tumor,no_tumor,0.999595582485199
FasterRCNN,dataset/test/no_tumor/no1147.jpg,no_tumor,no_tumor,0.9999710321426392
FasterRCNN,dataset/test/no_tumor/no1153.jpg,no_tumor,no_tumor,0.9999396800994873
FasterRCNN,dataset/test/no_tumor/no1134.jpg,no_tumor,no_tumor,0.9974988102912903
FasterRCNN,dataset/test/no_tumor/no1120.jpg,no_tumor,no_tumor,0.9999983310699463
FasterRCNN,dataset/test/no_tumor/no1108.jpg,no_tumor,no_tumor,0.9993292093276978
FasterRCNN,dataset/test/no_tumor/no1242.jpg,no_tumor,no_tumor,0.9999876022338867
FasterRCNN,dataset/test/no_tumor/no1256.jpg,no_tumor,no_tumor,0.9999899864196777
FasterRCNN,dataset/test/no_tumor/no1054.jpg,no_tumor,no_tumor,0.9999829530715942
FasterRCNN,dataset/test/no_tumor/no1068.jpg,no_tumor,no_tumor,0.9825350046157837
FasterRCNN,dataset/test/no_tumor/no1083.jpg,no_tumor,no_tumor,0.9998785257339478
FasterRCNN,dataset/test/no_tumor/no1097.jpg,no_tumor,no_tumor,0.9992203712463379
FasterRCNN,dataset/test/no_tumor/no1096.jpg,no_tumor,no_tumor,0.9999589920043945
FasterRCNN,dataset/test/no_tumor/no1082.jpg,no_tumor,no_tumor,0.9898939728736877
FasterRCNN,dataset/test/no_tumor/no1069.jpg,no_tumor,no_tumor,0.9999920129776001
FasterRCNN,dataset/test/no_tumor/no1055.jpg,no_tumor,no_tumor,0.9994497895240784
FasterRCNN,dataset/test/no_tumor/no1257.jpg,no_tumor,no_tumor,0.9999994039535522
FasterRCNN,dataset/test/no_tumor/no1243.jpg,no_tumor,no_tumor,0.9999754428863525
FasterRCNN,dataset/test/no_tumor/no1109.jpg,no_tumor,no_tumor,0.9999825954437256
FasterRCNN,dataset/test/no_tumor/no1121.jpg,no_tumor,no_tumor,0.985745906829834
FasterRCNN,dataset/test/no_tumor/no1135.jpg,no_tumor,no_tumor,0.9997759461402893
FasterRCNN,dataset/test/no_tumor/no1123.jpg,no_tumor,no_tumor,0.9993607401847839
FasterRCNN,dataset/test/no_tumor/no1137.jpg,no_tumor,no_tumor,0.9988670349121094
FasterRCNN,dataset/test/no_tumor/no1255.jpg,no_tumor,no_tumor,1.0
FasterRCNN,dataset/test/no_tumor/no1241.jpg,no_tumor,no_tumor,0.9993365406990051
FasterRCNN,dataset/test/no_tumor/no1269.jpg,no_tumor,no_tumor,0.9994670748710632
FasterRCNN,dataset/test/no_tumor/no1057.jpg,no_tumor,no_tumor,0.9948936700820923
FasterRCNN,dataset/test/no_tumor/no1094.jpg,no_tumor,no_tumor,0.9998025298118591
FasterRCNN,dataset/test/no_tumor/no1080.jpg,no_tumor,no_tumor,0.9999866485595703
FasterRCNN,dataset/test/no_tumor/no1081.jpg,no_tumor,no_tumor,0.9974126219749451
FasterRCNN,dataset/test/no_tumor/no1095.jpg,no_tumor,no_tumor,0.9999971389770508
FasterRCNN,dataset/test/no_tumor/no1056.jpg,no_tumor,no_tumor,0.9999998807907104
FasterRCNN,dataset/test/no_tumor/no1268.jpg,no_tumor,no_tumor,0.9999717473983765
FasterRCNN,dataset/test/no_tumor/no1240.jpg,no_tumor,no_tumor,0.9999394416809082
FasterRCNN,dataset/test/no_tumor/no1254.jpg,no_tumor,no_tumor,0.9998456239700317
FasterRCNN,dataset/test/no_tumor/no1136.jpg,no_tumor,no_tumor,0.9999985694885254
FasterRCNN,dataset/test/no_tumor/no1122.jpg,no_tumor,no_tumor,0.9972057938575745
FasterRCNN,dataset/test/no_tumor/no1126.jpg,no_tumor,no_tumor,0.9965893030166626
FasterRCNN,dataset/test/no_tumor/no1132.jpg,no_tumor,no_tumor,0.9999963045120239
FasterRCNN,dataset/test/no_tumor/no1250.jpg,no_tumor,no_tumor,0.9999979734420776
FasterRCNN,dataset/test/no_tumor/no1244.jpg,no_tumor,no_tumor,0.9999979734420776
FasterRCNN,dataset/test/no_tumor/no1052.jpg,no_tumor,no_tumor,0.9999716281890869
FasterRCNN,dataset/test/no_tumor/no1091.jpg,no_tumor,no_tumor,0.9998089671134949
FasterRCNN,dataset/test/no_tumor/no1085.jpg,no_tumor,no_tumor,0.9999974966049194
FasterRCNN,dataset/test/no_tumor/no1084.jpg,no_tumor,no_tumor,0.9999692440032959
FasterRCNN,dataset/test/no_tumor/no1090.jpg,no_tumor,no_tumor,0.9852651953697205
FasterRCNN,dataset/test/no_tumor/no1053.jpg,no_tumor,no_tumor,0.9999986886978149
FasterRCNN,dataset/test/no_tumor/no1245.jpg,no_tumor,no_tumor,0.9999997615814209
FasterRCNN,dataset/test/no_tumor/no1251.jpg,no_tumor,no_tumor,0.9999996423721313
FasterRCNN,dataset/test/no_tumor/no1133.jpg,no_tumor,no_tumor,0.9999115467071533
FasterRCNN,dataset/test/no_tumor/no1127.jpg,no_tumor,no_tumor,0.9993587136268616
FasterRCNN,dataset/test/no_tumor/no1119.jpg,no_tumor,no_tumor,0.9999668598175049
FasterRCNN,dataset/test/no_tumor/no1131.jpg,no_tumor,no_tumor,0.9999909400939941
FasterRCNN,dataset/test/no_tumor/no1125.jpg,no_tumor,no_tumor,0.9999970197677612
FasterRCNN,dataset/test/no_tumor/no1247.jpg,no_tumor,no_tumor,0.9999312162399292
FasterRCNN,dataset/test/no_tumor/no1253.jpg,no_tumor,no_tumor,0.9999988079071045
FasterRCNN,dataset/test/no_tumor/no1079.jpg,no_tumor,no_tumor,0.9993621706962585
FasterRCNN,dataset/test/no_tumor/no1051.jpg,no_tumor,no_tumor,0.9999920129776001
FasterRCNN,dataset/test/no_tumor/no1086.jpg,no_tumor,no_tumor,0.995775043964386
FasterRCNN,dataset/test/no_tumor/no1092.jpg,no_tumor,no_tumor,0.9999934434890747
FasterRCNN,dataset/test/no_tumor/no1093.jpg,no_tumor,no_tumor,0.9999997615814209
FasterRCNN,dataset/test/no_tumor/no1087.jpg,no_tumor,no_tumor,0.9999916553497314
FasterRCNN,dataset/test/no_tumor/no1078.jpg,no_tumor,no_tumor,0.999919056892395
FasterRCNN,dataset/test/no_tumor/no1252.jpg,no_tumor,no_tumor,0.9999932050704956
FasterRCNN,dataset/test/no_tumor/no1246.jpg,no_tumor,no_tumor,0.9999971389770508
FasterRCNN,dataset/test/no_tumor/no1124.jpg,no_tumor,no_tumor,0.9999704360961914
FasterRCNN,dataset/test/no_tumor/no1130.jpg,no_tumor,no_tumor,0.9998950958251953
FasterRCNN,dataset/test/no_tumor/no1118.jpg,no_tumor,no_tumor,0.9999580383300781
FasterRCNN,dataset/test/no_tumor/no1115.jpg,no_tumor,no_tumor,1.0
FasterRCNN,dataset/test/no_tumor/no1101.jpg,no_tumor,no_tumor,0.9998515844345093
FasterRCNN,dataset/test/no_tumor/no1129.jpg,no_tumor,no_tumor,0.9998883008956909
FasterRCNN,dataset/test/no_tumor/no1263.jpg,no_tumor,no_tumor,0.9999347925186157
FasterRCNN,dataset/test/no_tumor/no1061.jpg,no_tumor,no_tumor,0.999977707862854
FasterRCNN,dataset/test/no_tumor/no1075.jpg,no_tumor,no_tumor,0.9993791580200195
FasterRCNN,dataset/test/no_tumor/no1074.jpg,no_tumor,no_tumor,0.9999728202819824
FasterRCNN,dataset/test/no_tumor/no1060.jpg,no_tumor,no_tumor,0.9999891519546509
FasterRCNN,dataset/test/no_tumor/no1262.jpg,no_tumor,no_tumor,0.9999797344207764
FasterRCNN,dataset/test/no_tumor/no1128.jpg,no_tumor,no_tumor,0.9999815225601196
FasterRCNN,dataset/test/no_tumor/no1100.jpg,no_tumor,no_tumor,1.0
FasterRCNN,dataset/test/no_tumor/no1114.jpg,no_tumor,no_tumor,0.9999994039535522
FasterRCNN,dataset/test/no_tumor/no1102.jpg,no_tumor,no_tumor,0.9999978542327881
FasterRCNN,dataset/test/no_tumor/no1116.jpg,no_tumor,no_tumor,0.9999871253967285
FasterRCNN,dataset/test/no_tumor/no1274.jpg,no_tumor,no_tumor,0.995819091796875
FasterRCNN,dataset/test/no_tumor/no1260.jpg,no_tumor,no_tumor,0.9999990463256836
FasterRCNN,dataset/test/no_tumor/no1248.jpg,no_tumor,no_tumor,0.9998612403869629
FasterRCNN,dataset/test/no_tumor/no1076.jpg,no_tumor,no_tumor,1.0
FasterRCNN,dataset/test/no_tumor/no1062.jpg,no_tumor,no_tumor,0.9999655485153198
FasterRCNN,dataset/test/no_tumor/no1089.jpg,no_tumor,no_tumor,0.9999932050704956
FasterRCNN,dataset/test/no_tumor/no1088.jpg,no_tumor,no_tumor,0.9997509121894836
FasterRCNN,dataset/test/no_tumor/no1063.jpg,no_tumor,no_tumor,0.9998364448547363
FasterRCNN,dataset/test/no_tumor/no1077.jpg,no_tumor,no_tumor,0.9999722242355347
FasterRCNN,dataset/test/no_tumor/no1249.jpg,no_tumor,no_tumor,0.9998052716255188
FasterRCNN,dataset/test/no_tumor/no1261.jpg,no_tumor,no_tumor,0.9999979734420776
FasterRCNN,dataset/test/no_tumor/no1275.jpg,no_tumor,no_tumor,1.0
FasterRCNN,dataset/test/no_tumor/no1117.jpg,no_tumor,no_tumor,0.9998350143432617
FasterRCNN,dataset/test/no_tumor/no1103.jpg,no_tumor,no_tumor,0.999995231628418
FasterRCNN,dataset/test/no_tumor/no1107.jpg,no_tumor,no_tumor,0.9999715089797974
FasterRCNN,dataset/test/no_tumor/no1113.jpg,no_tumor,no_tumor,0.9999988079071045
FasterRCNN,dataset/test/no_tumor/no1259.jpg,no_tumor,no_tumor,0.9999815225601196
FasterRCNN,dataset/test/no_tumor/no1271.jpg,no_tumor,no_tumor,0.9999445676803589
FasterRCNN,dataset/test/no_tumor/no1265.jpg,no_tumor,no_tumor,0.9998503923416138
FasterRCNN,dataset/test/no_tumor/no1073.jpg,no_tumor,no_tumor,0.9999573230743408
FasterRCNN,dataset/test/no_tumor/no1067.jpg,no_tumor,no_tumor,0.9999648332595825
FasterRCNN,dataset/test/no_tumor/no1098.jpg,no_tumor,no_tumor,0.9999884366989136
FasterRCNN,dataset/test/no_tumor/no1099.jpg,no_tumor,no_tumor,0.9999779462814331
FasterRCNN,dataset/test/no_tumor/no1066.jpg,no_tumor,no_tumor,0.9999682903289795
FasterRCNN,dataset/test/no_tumor/no1072.jpg,no_tumor,no_tumor,0.9999970197677612
FasterRCNN,dataset/test/no_tumor/no1264.jpg,no_tumor,no_tumor,0.9999959468841553
FasterRCNN,dataset/test/no_tumor/no1270.jpg,no_tumor,no_tumor,0.9999741315841675
FasterRCNN,dataset/test/no_tumor/no1258.jpg,no_tumor,no_tumor,0.9999548196792603
FasterRCNN,dataset/test/no_tumor/no1112.jpg,no_tumor,no_tumor,0.9999979734420776
FasterRCNN,dataset/test/no_tumor/no1106.jpg,no_tumor,no_tumor,0.9999877214431763
FasterRCNN,dataset/test/no_tumor/no1138.jpg,no_tumor,no_tumor,0.9999330043792725
FasterRCNN,dataset/test/no_tumor/no1110.jpg,no_tumor,no_tumor,0.9999884366989136
FasterRCNN,dataset/test/no_tumor/no1104.jpg,no_tumor,no_tumor,0.9999194145202637
FasterRCNN,dataset/test/no_tumor/no1266.jpg,no_tumor,no_tumor,0.999805748462677
FasterRCNN,dataset/test/no_tumor/no1272.jpg,no_tumor,no_tumor,0.9994612336158752
FasterRCNN,dataset/test/no_tumor/no1058.jpg,no_tumor,no_tumor,0.9999818801879883
FasterRCNN,dataset/test/no_tumor/no1064.jpg,no_tumor,no_tumor,0.9999665021896362
FasterRCNN,dataset/test/no_tumor/no1070.jpg,no_tumor,no_tumor,0.9999886751174927
FasterRCNN,dataset/test/no_tumor/no1071.jpg,no_tumor,no_tumor,0.9999880790710449
FasterRCNN,dataset/test/no_tumor/no1065.jpg,no_tumor,no_tumor,0.9962765574455261
FasterRCNN,dataset/test/no_tumor/no1059.jpg,no_tumor,no_tumor,0.9999680519104004
FasterRCNN,dataset/test/no_tumor/no1273.jpg,no_tumor,no_tumor,0.9999551773071289
FasterRCNN,dataset/test/no_tumor/no1267.jpg,no_tumor,no_tumor,0.9999948740005493
FasterRCNN,dataset/test/no_tumor/no1105.jpg,no_tumor,no_tumor,0.999913215637207
FasterRCNN,dataset/test/no_tumor/no1111.jpg,no_tumor,no_tumor,0.9999821186065674
FasterRCNN,dataset/test/no_tumor/no1139.jpg,no_tumor,no_tumor,0.9999997615814209
FasterRCNN,dataset/test/no_tumor/no1176.jpg,no_tumor,no_tumor,0.9996564388275146
FasterRCNN,dataset/test/no_tumor/no1162.jpg,no_tumor,no_tumor,0.9999221563339233
FasterRCNN,dataset/test/no_tumor/no1189.jpg,no_tumor,no_tumor,0.9999268054962158
FasterRCNN,dataset/test/no_tumor/no1200.jpg,no_tumor,no_tumor,0.9990655779838562
FasterRCNN,dataset/test/no_tumor/no1214.jpg,no_tumor,no_tumor,0.9970741271972656
FasterRCNN,dataset/test/no_tumor/no1228.jpg,no_tumor,no_tumor,1.0
FasterRCNN,dataset/test/no_tumor/no1229.jpg,no_tumor,no_tumor,0.9996696710586548
FasterRCNN,dataset/test/no_tumor/no1215.jpg,no_tumor,no_tumor,0.9999920129776001
FasterRCNN,dataset/test/no_tumor/no1201.jpg,no_tumor,no_tumor,0.999496340751648
FasterRCNN,dataset/test/no_tumor/no1188.jpg,no_tumor,no_tumor,0.9999514818191528
FasterRCNN,dataset/test/no_tumor/no1163.jpg,no_tumor,no_tumor,0.9997023940086365
FasterRCNN,dataset/test/no_tumor/no1177.jpg,no_tumor,no_tumor,0.9996488094329834
FasterRCNN,dataset/test/no_tumor/no1161.jpg,no_tumor,no_tumor,0.9999998807907104
FasterRCNN,dataset/test/no_tumor/no1175.jpg,no_tumor,no_tumor,0.9994617104530334
FasterRCNN,dataset/test/no_tumor/no1149.jpg,no_tumor,no_tumor,0.9999985694885254
FasterRCNN,dataset/test/no_tumor/no1217.jpg,no_tumor,no_tumor,0.999993085861206
FasterRCNN,dataset/test/no_tumor/no1203.jpg,no_tumor,no_tumor,0.9999991655349731
FasterRCNN,dataset/test/no_tumor/no1202.jpg,no_tumor,no_tumor,0.999849796295166
FasterRCNN,dataset/test/no_tumor/no1216.jpg,no_tumor,no_tumor,0.9999896287918091
FasterRCNN,dataset/test/no_tumor/no1148.jpg,no_tumor,no_tumor,0.9997478127479553
FasterRCNN,dataset/test/no_tumor/no1174.jpg,no_tumor,no_tumor,0.9998736381530762
FasterRCNN,dataset/test/no_tumor/no1160.jpg,no_tumor,no_tumor,0.9999998807907104
FasterRCNN,dataset/test/no_tumor/no1158.jpg,no_tumor,no_tumor,0.9994532465934753
FasterRCNN,dataset/test/no_tumor/no1164.jpg,no_tumor,no_tumor,0.993273138999939
FasterRCNN,dataset/test/no_tumor/no1170.jpg,no_tumor,no_tumor,0.9996477365493774
FasterRCNN,dataset/test/no_tumor/no1212.jpg,no_tumor,no_tumor,0.9994045495986938
FasterRCNN,dataset/test/no_tumor/no1206.jpg,no_tumor,no_tumor,0.9989879727363586
FasterRCNN,dataset/test/no_tumor/no1207.jpg,no_tumor,no_tumor,0.9856351613998413
FasterRCNN,dataset/test/no_tumor/no1213.jpg,no_tumor,no_tumor,0.9994495511054993
FasterRCNN,dataset/test/no_tumor/no1171.jpg,no_tumor,no_tumor,0.999197781085968
FasterRCNN,dataset/test/no_tumor/no1165.jpg,no_tumor,no_tumor,0.999782145023346
FasterRCNN,dataset/test/no_tumor/no1159.jpg,no_tumor,no_tumor,0.9928394556045532
FasterRCNN,dataset/test/no_tumor/no1173.jpg,no_tumor,no_tumor,0.9999951124191284
FasterRCNN,dataset/test/no_tumor/no1167.jpg,no_tumor,no_tumor,0.999997615814209
FasterRCNN,dataset/test/no_tumor/no1198.jpg,no_tumor,no_tumor,0.9999964237213135
FasterRCNN,dataset/test/no_tumor/no1239.jpg,no_tumor,no_tumor,0.999995231628418
FasterRCNN,dataset/test/no_tumor/no1205.jpg,no_tumor,no_tumor,0.9903402924537659
FasterRCNN,dataset/test/no_tumor/no1211.jpg,no_tumor,no_tumor,0.9999911785125732
FasterRCNN,dataset/test/no_tumor/no1210.jpg,no_tumor,no_tumor,0.9999977350234985
FasterRCNN,dataset/test/no_tumor/no1204.jpg,no_tumor,no_tumor,0.9953320622444153
FasterRCNN,dataset/test/no_tumor/no1238.jpg,no_tumor,no_tumor,0.9999836683273315
FasterRCNN,dataset/test/no_tumor/no1199.jpg,no_tumor,no_tumor,0.9999722242355347
FasterRCNN,dataset/test/no_tumor/no1166.jpg,no_tumor,no_tumor,0.9994497895240784
FasterRCNN,dataset/test/no_tumor/no1172.jpg,no_tumor,no_tumor,0.999961256980896
FasterRCNN,dataset/test/tumor/y1141.jpg,tumor,tumor,0.9997554421424866
FasterRCNN,dataset/test/tumor/y1155.jpg,tumor,tumor,0.9999951124191284
FasterRCNN,dataset/test/tumor/y1169.jpg,tumor,tumor,0.9999995231628418
FasterRCNN,dataset/test/tumor/y1182.jpg,tumor,tumor,0.9807995557785034
FasterRCNN,dataset/test/tumor/y1196.jpg,tumor,tumor,0.9997738003730774
FasterRCNN,dataset/test/tumor/y1237.jpg,tumor,tumor,0.991441011428833
FasterRCNN,dataset/test/tumor/y1223.jpg,tumor,tumor,0.9999964237213135
FasterRCNN,dataset/test/tumor/y1222.jpg,tumor,tumor,0.9997910857200623
FasterRCNN,dataset/test/tumor/y1236.jpg,tumor,tumor,0.9975671768188477
FasterRCNN,dataset/test/tumor/y1197.jpg,tumor,tumor,0.9976198077201843
FasterRCNN,dataset/test/tumor/y1183.jpg,tumor,tumor,0.9778537154197693
FasterRCNN,dataset/test/tumor/y1168.jpg,tumor,tumor,0.9999597072601318
FasterRCNN,dataset/test/tumor/y1154.jpg,tumor,tumor,0.9999908208847046
FasterRCNN,dataset/test/tumor/y1140.jpg,tumor,tumor,0.999964714050293
FasterRCNN,dataset/test/tumor/y1156.jpg,tumor,tumor,0.9999803304672241
FasterRCNN,dataset/test/tumor/y1142.jpg,tumor,tumor,0.999990701675415
FasterRCNN,dataset/test/tumor/y1195.jpg,tumor,tumor,1.0
FasterRCNN,dataset/test/tumor/y1181.jpg,tumor,tumor,0.9983741044998169
FasterRCNN,dataset/test/tumor/y1220.jpg,tumor,tumor,0.9976022839546204
FasterRCNN,dataset/test/tumor/y1234.jpg,tumor,tumor,0.9999998807907104
FasterRCNN,dataset/test/tumor/y1208.jpg,tumor,tumor,0.9810221791267395
FasterRCNN,dataset/test/tumor/y1209.jpg,tumor,tumor,0.9996188879013062
FasterRCNN,dataset/test/tumor/y1235.jpg,tumor,tumor,0.9957303404808044
FasterRCNN,dataset/test/tumor/y1221.jpg,tumor,tumor,0.9890212416648865
FasterRCNN,dataset/test/tumor/y1180.jpg,tumor,tumor,0.9990127086639404
FasterRCNN,dataset/test/tumor/y1194.jpg,tumor,tumor,0.9999915361404419
FasterRCNN,dataset/test/tumor/y1143.jpg,tumor,tumor,0.9999791383743286
FasterRCNN,dataset/test/tumor/y1157.jpg,tumor,tumor,0.9391115307807922
FasterRCNN,dataset/test/tumor/y1153.jpg,tumor,tumor,0.9983609318733215
FasterRCNN,dataset/test/tumor/y1147.jpg,tumor,tumor,0.9999828338623047
FasterRCNN,dataset/test/tumor/y1190.jpg,tumor,tumor,0.9977093935012817
FasterRCNN,dataset/test/tumor/y1184.jpg,tumor,tumor,0.85988849401474
FasterRCNN,dataset/test/tumor/y1219.jpg,tumor,tumor,0.9477444887161255
FasterRCNN,dataset/test/tumor/y1225.jpg,tumor,tumor,0.9997983574867249
FasterRCNN,dataset/test/tumor/y1231.jpg,tumor,tumor,0.9992269277572632
FasterRCNN,dataset/test/tumor/y1230.jpg,tumor,tumor,0.9999897480010986
FasterRCNN,dataset/test/tumor/y1224.jpg,tumor,tumor,0.9998303651809692
FasterRCNN,dataset/test/tumor/y1218.jpg,tumor,tumor,0.9999971389770508
FasterRCNN,dataset/test/tumor/y1185.jpg,tumor,tumor,0.9986879229545593
FasterRCNN,dataset/test/tumor/y1191.jpg,tumor,tumor,0.9999685287475586
FasterRCNN,dataset/test/tumor/y1146.jpg,tumor,tumor,0.9999552965164185
FasterRCNN,dataset/test/tumor/y1152.jpg,tumor,tumor,0.9998781681060791
FasterRCNN,dataset/test/tumor/y1178.jpg,tumor,tumor,0.9999927282333374
FasterRCNN,dataset/test/tumor/y1144.jpg,tumor,tumor,0.9998683929443359
FasterRCNN,dataset/test/tumor/y1150.jpg,tumor,tumor,0.9999922513961792
FasterRCNN,dataset/test/tumor/y1187.jpg,tumor,tumor,0.999998927116394
FasterRCNN,dataset/test/tumor/y1193.jpg,tumor,tumor,0.9698059558868408
FasterRCNN,dataset/test/tumor/y1232.jpg,tumor,tumor,0.9924724102020264
FasterRCNN,dataset/test/tumor/y1226.jpg,tumor,tumor,0.9998844861984253
FasterRCNN,dataset/test/tumor/y1227.jpg,tumor,tumor,0.9999642372131348
FasterRCNN,dataset/test/tumor/y1233.jpg,tumor,tumor,0.9867115020751953
FasterRCNN,dataset/test/tumor/y1192.jpg,tumor,tumor,0.8936572670936584
FasterRCNN,dataset/test/tumor/y1186.jpg,tumor,tumor,0.9970689415931702
FasterRCNN,dataset/test/tumor/y1151.jpg,tumor,tumor,0.9266096353530884
FasterRCNN,dataset/test/tumor/y1145.jpg,tumor,tumor,0.9997139573097229
FasterRCNN,dataset/test/tumor/y1179.jpg,tumor,tumor,0.9706276655197144
FasterRCNN,dataset/test/tumor/y1122.jpg,tumor,tumor,0.999983549118042
FasterRCNN,dataset/test/tumor/y1136.jpg,tumor,tumor,0.9988798499107361
FasterRCNN,dataset/test/tumor/y1056.jpg,tumor,tumor,0.9999991655349731
FasterRCNN,dataset/test/tumor/y1095.jpg,tumor,tumor,0.9999572038650513
FasterRCNN,dataset/test/tumor/y1081.jpg,tumor,tumor,0.9991099238395691
FasterRCNN,dataset/test/tumor/y1254.jpg,tumor,tumor,0.9869580864906311
FasterRCNN,dataset/test/tumor/y1240.jpg,tumor,tumor,0.834701657295227
FasterRCNN,dataset/test/tumor/y1268.jpg,tumor,tumor,0.9973562955856323
FasterRCNN,dataset/test/tumor/y1269.jpg,tumor,tumor,0.9998704195022583
FasterRCNN,dataset/test/tumor/y1241.jpg,tumor,tumor,0.8071197867393494
FasterRCNN,dataset/test/tumor/y1255.jpg,tumor,tumor,0.999996542930603
FasterRCNN,dataset/test/tumor/y1080.jpg,tumor,tumor,0.9997966885566711
FasterRCNN,dataset/test/tumor/y1094.jpg,tumor,tumor,0.9999964237213135
FasterRCNN,dataset/test/tumor/y1057.jpg,tumor,tumor,0.9999336004257202
FasterRCNN,dataset/test/tumor/y1137.jpg,tumor,tumor,0.9995288848876953
FasterRCNN,dataset/test/tumor/y1123.jpg,tumor,tumor,0.9980167150497437
FasterRCNN,dataset/test/tumor/y1135.jpg,tumor,tumor,0.999987006187439
FasterRCNN,dataset/test/tumor/y1121.jpg,tumor,tumor,0.998948872089386
FasterRCNN,dataset/test/tumor/y1109.jpg,tumor,tumor,0.9984838366508484
FasterRCNN,dataset/test/tumor/y1055.jpg,tumor,tumor,0.9988415837287903
FasterRCNN,dataset/test/tumor/y1069.jpg,tumor,tumor,0.9999998807907104
FasterRCNN,dataset/test/tumor/y1082.jpg,tumor,tumor,0.9998888969421387
FasterRCNN,dataset/test/tumor/y1096.jpg,tumor,tumor,1.0
FasterRCNN,dataset/test/tumor/y1243.jpg,tumor,tumor,0.9998929500579834
FasterRCNN,dataset/test/tumor/y1257.jpg,tumor,tumor,0.9999829530715942
FasterRCNN,dataset/test/tumor/y1256.jpg,tumor,tumor,0.9998371601104736
FasterRCNN,dataset/test/tumor/y1242.jpg,tumor,tumor,0.9999984502792358
FasterRCNN,dataset/test/tumor/y1097.jpg,tumor,tumor,0.9999827146530151
FasterRCNN,dataset/test/tumor/y1083.jpg,tumor,tumor,0.9992076754570007
FasterRCNN,dataset/test/tumor/y1068.jpg,tumor,tumor,0.9999874830245972
FasterRCNN,dataset/test/tumor/y1054.jpg,tumor,tumor,0.9979040622711182
FasterRCNN,dataset/test/tumor/y1108.jpg,tumor,tumor,1.0
FasterRCNN,dataset/test/tumor/y1120.jpg,tumor,tumor,0.9997416138648987
FasterRCNN,dataset/test/tumor/y1134.jpg,tumor,tumor,0.999976634979248
FasterRCNN,dataset/test/tumor/y1118.jpg,tumor,tumor,0.9999921321868896
FasterRCNN,dataset/test/tumor/y1130.jpg,tumor,tumor,0.9997672438621521
FasterRCNN,dataset/test/tumor/y1124.jpg,tumor,tumor,0.9989118576049805
FasterRCNN,dataset/test/tumor/y1078.jpg,tumor,tumor,0.9999895095825195
FasterRCNN,dataset/test/tumor/y1087.jpg,tumor,tumor,0.9999982118606567
FasterRCNN,dataset/test/tumor/y1093.jpg,tumor,tumor,0.9780022501945496
FasterRCNN,dataset/test/tumor/y1246.jpg,tumor,tumor,0.9999338388442993
FasterRCNN,dataset/test/tumor/y1252.jpg,tumor,tumor,0.9999078512191772
FasterRCNN,dataset/test/tumor/y1253.jpg,tumor,tumor,0.999702513217926
FasterRCNN,dataset/test/tumor/y1247.jpg,tumor,tumor,0.9999984502792358
FasterRCNN,dataset/test/tumor/y1092.jpg,tumor,tumor,0.9946198463439941
FasterRCNN,dataset/test/tumor/y1086.jpg,tumor,tumor,0.9971427321434021
FasterRCNN,dataset/test/tumor/y1051.jpg,tumor,tumor,0.9999990463256836
FasterRCNN,dataset/test/tumor/y1079.jpg,tumor,tumor,0.998939573764801
FasterRCNN,dataset/test/tumor/y1125.jpg,tumor,tumor,0.9959050416946411
FasterRCNN,dataset/test/tumor/y1131.jpg,tumor,tumor,0.9999176263809204
FasterRCNN,dataset/test/tumor/y1119.jpg,tumor,tumor,0.9999998807907104
FasterRCNN,dataset/test/tumor/y1127.jpg,tumor,tumor,0.9999898672103882
FasterRCNN,dataset/test/tumor/y1133.jpg,tumor,tumor,0.9936985969543457
FasterRCNN,dataset/test/tumor/y1053.jpg,tumor,tumor,0.9999970197677612
FasterRCNN,dataset/test/tumor/y1090.jpg,tumor,tumor,0.9001872539520264
FasterRCNN,dataset/test/tumor/y1084.jpg,tumor,tumor,0.9995672106742859
FasterRCNN,dataset/test/tumor/y1251.jpg,tumor,no_tumor,0.590640127658844
FasterRCNN,dataset/test/tumor/y1245.jpg,tumor,tumor,0.8368293046951294
FasterRCNN,dataset/test/tumor/y1244.jpg,tumor,tumor,0.9997206330299377
FasterRCNN,dataset/test/tumor/y1250.jpg,tumor,tumor,0.999994158744812
FasterRCNN,dataset/test/tumor/y1085.jpg,tumor,tumor,0.9999959468841553
FasterRCNN,dataset/test/tumor/y1091.jpg,tumor,tumor,0.9999779462814331
FasterRCNN,dataset/test/tumor/y1052.jpg,tumor,tumor,0.9999686479568481
FasterRCNN,dataset/test/tumor/y1132.jpg,tumor,tumor,0.9999648332595825
FasterRCNN,dataset/test/tumor/y1126.jpg,tumor,tumor,0.9990596175193787
FasterRCNN,dataset/test/tumor/y1103.jpg,tumor,tumor,0.9999536275863647
FasterRCNN,dataset/test/tumor/y1117.jpg,tumor,tumor,0.9999998807907104
FasterRCNN,dataset/test/tumor/y1077.jpg,tumor,tumor,0.9997040629386902
FasterRCNN,dataset/test/tumor/y1063.jpg,tumor,tumor,0.999688982963562
FasterRCNN,dataset/test/tumor/y1088.jpg,tumor,tumor,0.9997840523719788
FasterRCNN,dataset/test/tumor/y1275.jpg,tumor,tumor,0.9997950196266174
FasterRCNN,dataset/test/tumor/y1261.jpg,tumor,tumor,0.9990705847740173
FasterRCNN,dataset/test/tumor/y1249.jpg,tumor,no_tumor,0.5722792148590088
FasterRCNN,dataset/test/tumor/y1248.jpg,tumor,tumor,0.9999998807907104
FasterRCNN,dataset/test/tumor/y1260.jpg,tumor,tumor,0.999969482421875
FasterRCNN,dataset/test/tumor/y1274.jpg,tumor,tumor,0.9999997615814209
FasterRCNN,dataset/test/tumor/y1089.jpg,tumor,no_tumor,0.7455242872238159
FasterRCNN,dataset/test/tumor/y1062.jpg,tumor,tumor,0.999879002571106
FasterRCNN,dataset/test/tumor/y1076.jpg,tumor,tumor,0.998923122882843
FasterRCNN,dataset/test/tumor/y1116.jpg,tumor,tumor,0.9999988079071045
FasterRCNN,dataset/test/tumor/y1102.jpg,tumor,tumor,0.9846301674842834
FasterRCNN,dataset/test/tumor/y1114.jpg,tumor,tumor,0.9969727993011475
FasterRCNN,dataset/test/tumor/y1100.jpg,tumor,tumor,0.996934175491333
FasterRCNN,dataset/test/tumor/y1128.jpg,tumor,tumor,0.9996377229690552
FasterRCNN,dataset/test/tumor/y1060.jpg,tumor,tumor,0.9999985694885254
FasterRCNN,dataset/test/tumor/y1074.jpg,tumor,tumor,0.997718870639801
FasterRCNN,dataset/test/tumor/y1262.jpg,tumor,tumor,0.9759259819984436
FasterRCNN,dataset/test/tumor/y1263.jpg,tumor,tumor,0.9999629259109497
FasterRCNN,dataset/test/tumor/y1075.jpg,tumor,tumor,0.999997615814209
FasterRCNN,dataset/test/tumor/y1061.jpg,tumor,tumor,0.9999959468841553
FasterRCNN,dataset/test/tumor/y1129.jpg,tumor,tumor,0.9999954700469971
FasterRCNN,dataset/test/tumor/y1101.jpg,tumor,tumor,0.9999951124191284
FasterRCNN,dataset/test/tumor/y1115.jpg,tumor,tumor,0.9999996423721313
FasterRCNN,dataset/test/tumor/y1139.jpg,tumor,tumor,0.9999992847442627
FasterRCNN,dataset/test/tumor/y1111.jpg,tumor,tumor,0.999755322933197
FasterRCNN,dataset/test/tumor/y1105.jpg,tumor,tumor,0.9999470710754395
FasterRCNN,dataset/test/tumor/y1059.jpg,tumor,tumor,0.865517795085907
FasterRCNN,dataset/test/tumor/y1065.jpg,tumor,tumor,0.999982476234436
FasterRCNN,dataset/test/tumor/y1071.jpg,tumor,tumor,0.9999881982803345
FasterRCNN,dataset/test/tumor/y1267.jpg,tumor,tumor,0.999981164932251
FasterRCNN,dataset/test/tumor/y1273.jpg,tumor,tumor,0.9996649026870728
FasterRCNN,dataset/test/tumor/y1272.jpg,tumor,tumor,0.9999992847442627
FasterRCNN,dataset/test/tumor/y1266.jpg,tumor,tumor,0.9992780089378357
FasterRCNN,dataset/test/tumor/y1070.jpg,tumor,tumor,0.9999115467071533
FasterRCNN,dataset/test/tumor/y1064.jpg,tumor,tumor,0.999915361404419
FasterRCNN,dataset/test/tumor/y1058.jpg,tumor,tumor,0.9999372959136963
FasterRCNN,dataset/test/tumor/y1104.jpg,tumor,tumor,0.9958218336105347
FasterRCNN,dataset/test/tumor/y1110.jpg,tumor,tumor,0.9999526739120483
FasterRCNN,dataset/test/tumor/y1138.jpg,tumor,tumor,0.999735414981842
FasterRCNN,dataset/test/tumor/y1106.jpg,tumor,tumor,0.9998074173927307
FasterRCNN,dataset/test/tumor/y1112.jpg,tumor,tumor,0.9514768123626709
FasterRCNN,dataset/test/tumor/y1072.jpg,tumor,tumor,0.9999977350234985
FasterRCNN,dataset/test/tumor/y1066.jpg,tumor,tumor,0.9999959468841553
FasterRCNN,dataset/test/tumor/y1099.jpg,tumor,tumor,0.9999294281005859
FasterRCNN,dataset/test/tumor/y1258.jpg,tumor,tumor,0.7130458354949951
FasterRCNN,dataset/test/tumor/y1270.jpg,tumor,tumor,0.9999992847442627
FasterRCNN,dataset/test/tumor/y1264.jpg,tumor,tumor,0.9997836947441101
FasterRCNN,dataset/test/tumor/y1265.jpg,tumor,tumor,0.9998735189437866
FasterRCNN,dataset/test/tumor/y1271.jpg,tumor,tumor,0.9999954700469971
FasterRCNN,dataset/test/tumor/y1259.jpg,tumor,tumor,0.9999809265136719
FasterRCNN,dataset/test/tumor/y1098.jpg,tumor,tumor,0.9999450445175171
FasterRCNN,dataset/test/tumor/y1067.jpg,tumor,tumor,0.999985933303833
FasterRCNN,dataset/test/tumor/y1073.jpg,tumor,tumor,0.9999465942382812
FasterRCNN,dataset/test/tumor/y1113.jpg,tumor,tumor,0.9977352619171143
FasterRCNN,dataset/test/tumor/y1107.jpg,tumor,tumor,0.9026998281478882
FasterRCNN,dataset/test/tumor/y1160.jpg,tumor,tumor,0.9950618147850037
FasterRCNN,dataset/test/tumor/y1174.jpg,tumor,tumor,0.9993670582771301
FasterRCNN,dataset/test/tumor/y1148.jpg,tumor,tumor,0.9999990463256836
FasterRCNN,dataset/test/tumor/y1216.jpg,tumor,tumor,0.999767005443573
FasterRCNN,dataset/test/tumor/y1202.jpg,tumor,tumor,0.9944650530815125
FasterRCNN,dataset/test/tumor/y1203.jpg,tumor,tumor,0.9998136162757874
FasterRCNN,dataset/test/tumor/y1217.jpg,tumor,tumor,0.9981049299240112
FasterRCNN,dataset/test/tumor/y1149.jpg,tumor,tumor,0.9999908208847046
FasterRCNN,dataset/test/tumor/y1175.jpg,tumor,tumor,0.9999992847442627
FasterRCNN,dataset/test/tumor/y1161.jpg,tumor,tumor,0.9992436170578003
FasterRCNN,dataset/test/tumor/y1177.jpg,tumor,tumor,0.9999269247055054
FasterRCNN,dataset/test/tumor/y1163.jpg,tumor,tumor,0.9999388456344604
FasterRCNN,dataset/test/tumor/y1188.jpg,tumor,tumor,0.9992351531982422
FasterRCNN,dataset/test/tumor/y1201.jpg,tumor,tumor,0.9987867474555969
FasterRCNN,dataset/test/tumor/y1215.jpg,tumor,tumor,0.9997976422309875
FasterRCNN,dataset/test/tumor/y1229.jpg,tumor,tumor,0.9736734628677368
FasterRCNN,dataset/test/tumor/y1228.jpg,tumor,tumor,0.9999994039535522
FasterRCNN,dataset/test/tumor/y1214.jpg,tumor,tumor,0.999462902545929
FasterRCNN,dataset/test/tumor/y1200.jpg,tumor,tumor,0.9998643398284912
FasterRCNN,dataset/test/tumor/y1189.jpg,tumor,no_tumor,0.9642325043678284
FasterRCNN,dataset/test/tumor/y1162.jpg,tumor,tumor,0.9999773502349854
FasterRCNN,dataset/test/tumor/y1176.jpg,tumor,tumor,0.999010443687439
FasterRCNN,dataset/test/tumor/y1172.jpg,tumor,tumor,0.9909680485725403
FasterRCNN,dataset/test/tumor/y1166.jpg,tumor,tumor,0.9999982118606567
FasterRCNN,dataset/test/tumor/y1199.jpg,tumor,tumor,0.9999579191207886
FasterRCNN,dataset/test/tumor/y1238.jpg,tumor,tumor,0.999756395816803
FasterRCNN,dataset/test/tumor/y1204.jpg,tumor,tumor,0.9595106244087219
FasterRCNN,dataset/test/tumor/y1210.jpg,tumor,tumor,0.8660745024681091
FasterRCNN,dataset/test/tumor/y1211.jpg,tumor,tumor,0.9998518228530884
FasterRCNN,dataset/test/tumor/y1205.jpg,tumor,tumor,0.9999967813491821
FasterRCNN,dataset/test/tumor/y1239.jpg,tumor,tumor,0.9961806535720825
FasterRCNN,dataset/test/tumor/y1198.jpg,tumor,tumor,0.9993821382522583
FasterRCNN,dataset/test/tumor/y1167.jpg,tumor,tumor,0.9997465014457703
FasterRCNN,dataset/test/tumor/y1173.jpg,tumor,tumor,0.9999736547470093
FasterRCNN,dataset/test/tumor/y1159.jpg,tumor,tumor,0.9999862909317017
FasterRCNN,dataset/test/tumor/y1165.jpg,tumor,tumor,0.997880220413208
FasterRCNN,dataset/test/tumor/y1171.jpg,tumor,tumor,0.9995724558830261
FasterRCNN,dataset/test/tumor/y1213.jpg,tumor,tumor,0.9999899864196777
FasterRCNN,dataset/test/tumor/y1207.jpg,tumor,tumor,1.0
FasterRCNN,dataset/test/tumor/y1206.jpg,tumor,tumor,0.9904938340187073
FasterRCNN,dataset/test/tumor/y1212.jpg,tumor,tumor,0.9999998807907104
FasterRCNN,dataset/test/tumor/y1170.jpg,tumor,tumor,0.9821147918701172
FasterRCNN,dataset/test/tumor/y1164.jpg,tumor,tumor,0.999983549118042
FasterRCNN,dataset/test/tumor/y1158.jpg,tumor,tumor,0.9999971389770508
MaskRCNN,dataset/test/no_tumor/no1157.jpg,no_tumor,no_tumor,0.9999932050704956
MaskRCNN,dataset/test/no_tumor/no1143.jpg,no_tumor,no_tumor,0.9999973773956299
MaskRCNN,dataset/test/no_tumor/no1194.jpg,no_tumor,no_tumor,0.9991279244422913
MaskRCNN,dataset/test/no_tumor/no1180.jpg,no_tumor,no_tumor,0.9998984336853027
MaskRCNN,dataset/test/no_tumor/no1221.jpg,no_tumor,no_tumor,0.999967098236084
MaskRCNN,dataset/test/no_tumor/no1235.jpg,no_tumor,no_tumor,0.9459481835365295
MaskRCNN,dataset/test/no_tumor/no1209.jpg,no_tumor,no_tumor,0.9999332427978516
MaskRCNN,dataset/test/no_tumor/no1208.jpg,no_tumor,no_tumor,0.9998761415481567
MaskRCNN,dataset/test/no_tumor/no1234.jpg,no_tumor,no_tumor,0.9999982118606567
MaskRCNN,dataset/test/no_tumor/no1220.jpg,no_tumor,no_tumor,0.9984920024871826
MaskRCNN,dataset/test/no_tumor/no1181.jpg,no_tumor,no_tumor,0.9999707937240601
MaskRCNN,dataset/test/no_tumor/no1195.jpg,no_tumor,no_tumor,0.9623001217842102
MaskRCNN,dataset/test/no_tumor/no1142.jpg,no_tumor,no_tumor,1.0
MaskRCNN,dataset/test/no_tumor/no1156.jpg,no_tumor,no_tumor,0.9996708631515503
MaskRCNN,dataset/test/no_tumor/no1140.jpg,no_tumor,no_tumor,0.9999562501907349
MaskRCNN,dataset/test/no_tumor/no1154.jpg,no_tumor,no_tumor,0.9999829530715942
MaskRCNN,dataset/test/no_tumor/no1168.jpg,no_tumor,no_tumor,0.999976396560669
MaskRCNN,dataset/test/no_tumor/no1183.jpg,no_tumor,no_tumor,0.999769389629364
MaskRCNN,dataset/test/no_tumor/no1197.jpg,no_tumor,no_tumor,0.9977594614028931
MaskRCNN,dataset/test/no_tumor/no1236.jpg,no_tumor,no_tumor,0.9999885559082031
MaskRCNN,dataset/test/no_tumor/no1222.jpg,no_tumor,no_tumor,0.999715268611908
MaskRCNN,dataset/test/no_tumor/no1223.jpg,no_tumor,no_tumor,0.9999147653579712
MaskRCNN,dataset/test/no_tumor/no1237.jpg,no_tumor,no_tumor,0.9999895095825195
MaskRCNN,dataset/test/no_tumor/no1196.jpg,no_tumor,no_tumor,0.9999897480010986
MaskRCNN,dataset/test/no_tumor/no1182.jpg,no_tumor,no_tumor,0.9999485015869141
MaskRCNN,dataset/test/no_tumor/no1169.jpg,no_tumor,no_tumor,0.9998176693916321
MaskRCNN,dataset/test/no_tumor/no1155.jpg,no_tumor,no_tumor,0.9999785423278809
MaskRCNN,dataset/test/no_tumor/no1141.jpg,no_tumor,no_tumor,0.9991810917854309
MaskRCNN,dataset/test/no_tumor/no1179.jpg,no_tumor,no_tumor,0.9998001456260681
MaskRCNN,dataset/test/no_tumor/no1145.jpg,no_tumor,no_tumor,0.9997335076332092
MaskRCNN,dataset/test/no_tumor/no1151.jpg,no_tumor,no_tumor,0.9999616146087646
MaskRCNN,dataset/test/no_tumor/no1186.jpg,no_tumor,no_tumor,0.9997267127037048
MaskRCNN,dataset/test/no_tumor/no1192.jpg,no_tumor,no_tumor,0.999942421913147
MaskRCNN,dataset/test/no_tumor/no1233.jpg,no_tumor,no_tumor,0.9998736381530762
MaskRCNN,dataset/test/no_tumor/no1227.jpg,no_tumor,no_tumor,0.999985933303833
MaskRCNN,dataset/test/no_tumor/no1226.jpg,no_tumor,no_tumor,0.9991922974586487
MaskRCNN,dataset/test/no_tumor/no1232.jpg,no_tumor,no_tumor,0.9990071654319763
MaskRCNN,dataset/test/no_tumor/no1193.jpg,no_tumor,no_tumor,0.9975825548171997
MaskRCNN,dataset/test/no_tumor/no1187.jpg,no_tumor,no_tumor,0.9999771118164062
MaskRCNN,dataset/test/no_tumor/no1150.jpg,no_tumor,no_tumor,0.9999992847442627
MaskRCNN,dataset/test/no_tumor/no1144.jpg,no_tumor,no_tumor,0.9999470710754395
MaskRCNN,dataset/test/no_tumor/no1178.jpg,no_tumor,no_tumor,0.9999821186065674
MaskRCNN,dataset/test/no_tumor/no1152.jpg,no_tumor,no_tumor,0.9999829530715942
MaskRCNN,dataset/test/no_tumor/no1146.jpg,no_tumor,no_tumor,0.9999967813491821
MaskRCNN,dataset/test/no_tumor/no1191.jpg,no_tumor,no_tumor,0.99692302942276
MaskRCNN,dataset/test/no_tumor/no1185.jpg,no_tumor,no_tumor,0.9999676942825317
MaskRCNN,dataset/test/no_tumor/no1218.jpg,no_tumor,no_tumor,0.9999988079071045
MaskRCNN,dataset/test/no_tumor/no1224.jpg,no_tumor,no_tumor,0.9999314546585083
MaskRCNN,dataset/test/no_tumor/no1230.jpg,no_tumor,no_tumor,0.9990573525428772
MaskRCNN,dataset/test/no_tumor/no1231.jpg,no_tumor,no_tumor,0.999345600605011
MaskRCNN,dataset/test/no_tumor/no1225.jpg,no_tumor,no_tumor,0.9993873834609985
MaskRCNN,dataset/test/no_tumor/no1219.jpg,no_tumor,no_tumor,0.9996808767318726
MaskRCNN,dataset/test/no_tumor/no1184.jpg,no_tumor,no_tumor,0.9999805688858032
MaskRCNN,dataset/test/no_tumor/no1190.jpg,no_tumor,no_tumor,0.9999990463256836
MaskRCNN,dataset/test/no_tumor/no1147.jpg,no_tumor,no_tumor,0.9997419714927673
MaskRCNN,dataset/test/no_tumor/no1153.jpg,no_tumor,no_tumor,0.9999949932098389
MaskRCNN,dataset/test/no_tumor/no1134.jpg,no_tumor,no_tumor,0.9999794960021973
MaskRCNN,dataset/test/no_tumor/no1120.jpg,no_tumor,no_tumor,0.9991981387138367
MaskRCNN,dataset/test/no_tumor/no1108.jpg,no_tumor,no_tumor,0.9999561309814453
MaskRCNN,dataset/test/no_tumor/no1242.jpg,no_tumor,no_tumor,0.9999607801437378
MaskRCNN,dataset/test/no_tumor/no1256.jpg,no_tumor,no_tumor,0.9999873638153076
MaskRCNN,dataset/test/no_tumor/no1054.jpg,no_tumor,no_tumor,0.9999734163284302
MaskRCNN,dataset/test/no_tumor/no1068.jpg,no_tumor,no_tumor,0.9999896287918091
MaskRCNN,dataset/test/no_tumor/no1083.jpg,no_tumor,no_tumor,0.9999996423721313
MaskRCNN,dataset/test/no_tumor/no1097.jpg,no_tumor,no_tumor,0.9999839067459106
MaskRCNN,dataset/test/no_tumor/no1096.jpg,no_tumor,no_tumor,0.9999982118606567
MaskRCNN,dataset/test/no_tumor/no1082.jpg,no_tumor,no_tumor,0.9999675750732422
MaskRCNN,dataset/test/no_tumor/no1069.jpg,no_tumor,no_tumor,0.9999269247055054
MaskRCNN,dataset/test/no_tumor/no1055.jpg,no_tumor,no_tumor,0.9948948621749878
MaskRCNN,dataset/test/no_tumor/no1257.jpg,no_tumor,no_tumor,0.9999990463256836
MaskRCNN,dataset/test/no_tumor/no1243.jpg,no_tumor,no_tumor,0.9999151229858398
MaskRCNN,dataset/test/no_tumor/no1109.jpg,no_tumor,no_tumor,0.9992098808288574
MaskRCNN,dataset/test/no_tumor/no1121.jpg,no_tumor,no_tumor,0.9999281167984009
MaskRCNN,dataset/test/no_tumor/no1135.jpg,no_tumor,no_tumor,0.9999809265136719
MaskRCNN,dataset/test/no_tumor/no1123.jpg,no_tumor,no_tumor,0.9999904632568359
MaskRCNN,dataset/test/no_tumor/no1137.jpg,no_tumor,no_tumor,0.9998290538787842
MaskRCNN,dataset/test/no_tumor/no1255.jpg,no_tumor,no_tumor,0.9998140931129456
MaskRCNN,dataset/test/no_tumor/no1241.jpg,no_tumor,no_tumor,0.9998469352722168
MaskRCNN,dataset/test/no_tumor/no1269.jpg,no_tumor,no_tumor,0.9999605417251587
MaskRCNN,dataset/test/no_tumor/no1057.jpg,no_tumor,no_tumor,0.9999518394470215
MaskRCNN,dataset/test/no_tumor/no1094.jpg,no_tumor,no_tumor,0.9999762773513794
MaskRCNN,dataset/test/no_tumor/no1080.jpg,no_tumor,no_tumor,0.9999760389328003
MaskRCNN,dataset/test/no_tumor/no1081.jpg,no_tumor,no_tumor,0.9999356269836426
MaskRCNN,dataset/test/no_tumor/no1095.jpg,no_tumor,no_tumor,0.9999732971191406
MaskRCNN,dataset/test/no_tumor/no1056.jpg,no_tumor,no_tumor,0.9999922513961792
MaskRCNN,dataset/test/no_tumor/no1268.jpg,no_tumor,no_tumor,0.999971866607666
MaskRCNN,dataset/test/no_tumor/no1240.jpg,no_tumor,no_tumor,0.9997618794441223
MaskRCNN,dataset/test/no_tumor/no1254.jpg,no_tumor,no_tumor,0.9999101161956787
MaskRCNN,dataset/test/no_tumor/no1136.jpg,no_tumor,no_tumor,0.999984622001648
MaskRCNN,dataset/test/no_tumor/no1122.jpg,no_tumor,no_tumor,0.9999682903289795
MaskRCNN,dataset/test/no_tumor/no1126.jpg,no_tumor,no_tumor,0.9999867677688599
MaskRCNN,dataset/test/no_tumor/no1132.jpg,no_tumor,no_tumor,0.9996412992477417
MaskRCNN,dataset/test/no_tumor/no1250.jpg,no_tumor,no_tumor,0.9999722242355347
MaskRCNN,dataset/test/no_tumor/no1244.jpg,no_tumor,no_tumor,0.9999905824661255
MaskRCNN,dataset/test/no_tumor/no1052.jpg,no_tumor,no_tumor,0.9997585415840149
MaskRCNN,dataset/test/no_tumor/no1091.jpg,no_tumor,no_tumor,0.9998769760131836
MaskRCNN,dataset/test/no_tumor/no1085.jpg,no_tumor,no_tumor,0.9999890327453613
MaskRCNN,dataset/test/no_tumor/no1084.jpg,no_tumor,no_tumor,0.9999920129776001
MaskRCNN,dataset/test/no_tumor/no1090.jpg,no_tumor,no_tumor,0.9998903274536133
MaskRCNN,dataset/test/no_tumor/no1053.jpg,no_tumor,no_tumor,0.9999393224716187
MaskRCNN,dataset/test/no_tumor/no1245.jpg,no_tumor,no_tumor,0.9999934434890747
MaskRCNN,dataset/test/no_tumor/no1251.jpg,no_tumor,no_tumor,0.9999257326126099
MaskRCNN,dataset/test/no_tumor/no1133.jpg,no_tumor,no_tumor,0.99991774559021
MaskRCNN,dataset/test/no_tumor/no1127.jpg,no_tumor,no_tumor,0.9999954700469971
MaskRCNN,dataset/test/no_tumor/no1119.jpg,no_tumor,no_tumor,0.999976634979248
MaskRCNN,dataset/test/no_tumor/no1131.jpg,no_tumor,no_tumor,0.9997664093971252
MaskRCNN,dataset/test/no_tumor/no1125.jpg,no_tumor,no_tumor,0.9999496936798096
MaskRCNN,dataset/test/no_tumor/no1247.jpg,no_tumor,no_tumor,0.9999908208847046
MaskRCNN,dataset/test/no_tumor/no1253.jpg,no_tumor,no_tumor,0.9998313188552856
MaskRCNN,dataset/test/no_tumor/no1079.jpg,no_tumor,no_tumor,0.9999901056289673
MaskRCNN,dataset/test/no_tumor/no1051.jpg,no_tumor,no_tumor,0.9999932050704956
MaskRCNN,dataset/test/no_tumor/no1086.jpg,no_tumor,no_tumor,0.9999927282333374
MaskRCNN,dataset/test/no_tumor/no1092.jpg,no_tumor,no_tumor,0.9999923706054688
MaskRCNN,dataset/test/no_tumor/no1093.jpg,no_tumor,no_tumor,0.9999954700469971
MaskRCNN,dataset/test/no_tumor/no1087.jpg,no_tumor,no_tumor,0.9999736547470093
MaskRCNN,dataset/test/no_tumor/no1078.jpg,no_tumor,no_tumor,0.9999771118164062
MaskRCNN,dataset/test/no_tumor/no1252.jpg,no_tumor,no_tumor,0.9999960660934448
MaskRCNN,dataset/test/no_tumor/no1246.jpg,no_tumor,no_tumor,0.9991171956062317
MaskRCNN,dataset/test/no_tumor/no1124.jpg,no_tumor,no_tumor,0.9999349117279053
MaskRCNN,dataset/test/no_tumor/no1130.jpg,no_tumor,no_tumor,0.9999173879623413
MaskRCNN,dataset/test/no_tumor/no1118.jpg,no_tumor,no_tumor,0.9999895095825195
MaskRCNN,dataset/test/no_tumor/no1115.jpg,no_tumor,no_tumor,0.9999938011169434
MaskRCNN,dataset/test/no_tumor/no1101.jpg,no_tumor,no_tumor,0.9998570680618286
MaskRCNN,dataset/test/no_tumor/no1129.jpg,no_tumor,no_tumor,0.9994297623634338
MaskRCNN,dataset/test/no_tumor/no1263.jpg,no_tumor,no_tumor,0.999937891960144
MaskRCNN,dataset/test/no_tumor/no1061.jpg,no_tumor,no_tumor,0.9996067881584167
MaskRCNN,dataset/test/no_tumor/no1075.jpg,no_tumor,no_tumor,0.9999837875366211
MaskRCNN,dataset/test/no_tumor/no1074.jpg,no_tumor,no_tumor,0.9999972581863403
MaskRCNN,dataset/test/no_tumor/no1060.jpg,no_tumor,no_tumor,0.9999889135360718
MaskRCNN,dataset/test/no_tumor/no1262.jpg,no_tumor,no_tumor,0.9999847412109375
MaskRCNN,dataset/test/no_tumor/no1128.jpg,no_tumor,no_tumor,0.9999186992645264
MaskRCNN,dataset/test/no_tumor/no1100.jpg,no_tumor,no_tumor,0.999904990196228
MaskRCNN,dataset/test/no_tumor/no1114.jpg,no_tumor,no_tumor,0.9999990463256836
MaskRCNN,dataset/test/no_tumor/no1102.jpg,no_tumor,no_tumor,0.9999085664749146
MaskRCNN,dataset/test/no_tumor/no1116.jpg,no_tumor,no_tumor,0.9999605417251587
MaskRCNN,dataset/test/no_tumor/no1274.jpg,no_tumor,no_tumor,0.9999637603759766
MaskRCNN,dataset/test/no_tumor/no1260.jpg,no_tumor,no_tumor,0.9999954700469971
MaskRCNN,dataset/test/no_tumor/no1248.jpg,no_tumor,no_tumor,0.9999672174453735
MaskRCNN,dataset/test/no_tumor/no1076.jpg,no_tumor,no_tumor,0.9999889135360718
MaskRCNN,dataset/test/no_tumor/no1062.jpg,no_tumor,no_tumor,0.9999895095825195
MaskRCNN,dataset/test/no_tumor/no1089.jpg,no_tumor,no_tumor,0.9999804496765137
MaskRCNN,dataset/test/no_tumor/no1088.jpg,no_tumor,no_tumor,0.9999949932098389
MaskRCNN,dataset/test/no_tumor/no1063.jpg,no_tumor,no_tumor,0.9998683929443359
MaskRCNN,dataset/test/no_tumor/no1077.jpg,no_tumor,no_tumor,0.9999674558639526
MaskRCNN,dataset/test/no_tumor/no1249.jpg,no_tumor,no_tumor,0.9998646974563599
MaskRCNN,dataset/test/no_tumor/no1261.jpg,no_tumor,no_tumor,0.9998120665550232
MaskRCNN,dataset/test/no_tumor/no1275.jpg,no_tumor,no_tumor,0.9995707869529724
MaskRCNN,dataset/test/no_tumor/no1117.jpg,no_tumor,no_tumor,0.9999940395355225
MaskRCNN,dataset/test/no_tumor/no1103.jpg,no_tumor,no_tumor,0.9997953772544861
MaskRCNN,dataset/test/no_tumor/no1107.jpg,no_tumor,no_tumor,0.9999397993087769
MaskRCNN,dataset/test/no_tumor/no1113.jpg,no_tumor,no_tumor,0.9999651908874512
MaskRCNN,dataset/test/no_tumor/no1259.jpg,no_tumor,no_tumor,0.9997286200523376
MaskRCNN,dataset/test/no_tumor/no1271.jpg,no_tumor,no_tumor,0.9999814033508301
MaskRCNN,dataset/test/no_tumor/no1265.jpg,no_tumor,no_tumor,0.9999947547912598
MaskRCNN,dataset/test/no_tumor/no1073.jpg,no_tumor,no_tumor,0.999951958656311
MaskRCNN,dataset/test/no_tumor/no1067.jpg,no_tumor,no_tumor,0.9999880790710449
MaskRCNN,dataset/test/no_tumor/no1098.jpg,no_tumor,no_tumor,0.9999908208847046
MaskRCNN,dataset/test/no_tumor/no1099.jpg,no_tumor,no_tumor,0.999994158744812
MaskRCNN,dataset/test/no_tumor/no1066.jpg,no_tumor,no_tumor,0.9999979734420776
MaskRCNN,dataset/test/no_tumor/no1072.jpg,no_tumor,no_tumor,0.9999963045120239
MaskRCNN,dataset/test/no_tumor/no1264.jpg,no_tumor,no_tumor,0.9978078007698059
MaskRCNN,dataset/test/no_tumor/no1270.jpg,no_tumor,no_tumor,0.9999462366104126
MaskRCNN,dataset/test/no_tumor/no1258.jpg,no_tumor,no_tumor,0.9999897480010986
MaskRCNN,dataset/test/no_tumor/no1112.jpg,no_tumor,no_tumor,0.9999986886978149
MaskRCNN,dataset/test/no_tumor/no1106.jpg,no_tumor,no_tumor,0.9999972581863403
MaskRCNN,dataset/test/no_tumor/no1138.jpg,no_tumor,no_tumor,0.9999960660934448
MaskRCNN,dataset/test/no_tumor/no1110.jpg,no_tumor,no_tumor,0.9999794960021973
MaskRCNN,dataset/test/no_tumor/no1104.jpg,no_tumor,no_tumor,0.9999959468841553
MaskRCNN,dataset/test/no_tumor/no1266.jpg,no_tumor,no_tumor,0.9999710321426392
MaskRCNN,dataset/test/no_tumor/no1272.jpg,no_tumor,no_tumor,0.999954342842102
MaskRCNN,dataset/test/no_tumor/no1058.jpg,no_tumor,no_tumor,0.9999978542327881
MaskRCNN,dataset/test/no_tumor/no1064.jpg,no_tumor,no_tumor,0.9982665181159973
MaskRCNN,dataset/test/no_tumor/no1070.jpg,no_tumor,no_tumor,0.999819815158844
MaskRCNN,dataset/test/no_tumor/no1071.jpg,no_tumor,no_tumor,0.9998413324356079
MaskRCNN,dataset/test/no_tumor/no1065.jpg,no_tumor,no_tumor,0.9999982118606567
MaskRCNN,dataset/test/no_tumor/no1059.jpg,no_tumor,no_tumor,0.9998254179954529
MaskRCNN,dataset/test/no_tumor/no1273.jpg,no_tumor,no_tumor,0.9999961853027344
MaskRCNN,dataset/test/no_tumor/no1267.jpg,no_tumor,no_tumor,0.9999674558639526
MaskRCNN,dataset/test/no_tumor/no1105.jpg,no_tumor,no_tumor,0.9999961853027344
MaskRCNN,dataset/test/no_tumor/no1111.jpg,no_tumor,no_tumor,0.9999755620956421
MaskRCNN,dataset/test/no_tumor/no1139.jpg,no_tumor,no_tumor,0.9998816251754761
MaskRCNN,dataset/test/no_tumor/no1176.jpg,no_tumor,no_tumor,0.9990028738975525
MaskRCNN,dataset/test/no_tumor/no1162.jpg,no_tumor,no_tumor,0.9999768733978271
MaskRCNN,dataset/test/no_tumor/no1189.jpg,no_tumor,no_tumor,0.999323844909668
MaskRCNN,dataset/test/no_tumor/no1200.jpg,no_tumor,no_tumor,0.9998014569282532
MaskRCNN,dataset/test/no_tumor/no1214.jpg,no_tumor,no_tumor,0.9999537467956543
MaskRCNN,dataset/test/no_tumor/no1228.jpg,no_tumor,no_tumor,0.9983711838722229
MaskRCNN,dataset/test/no_tumor/no1229.jpg,no_tumor,no_tumor,0.9999485015869141
MaskRCNN,dataset/test/no_tumor/no1215.jpg,no_tumor,no_tumor,0.9997921586036682
MaskRCNN,dataset/test/no_tumor/no1201.jpg,no_tumor,no_tumor,0.999868631362915
MaskRCNN,dataset/test/no_tumor/no1188.jpg,no_tumor,no_tumor,0.999992847442627
MaskRCNN,dataset/test/no_tumor/no1163.jpg,no_tumor,no_tumor,0.9999973773956299
MaskRCNN,dataset/test/no_tumor/no1177.jpg,no_tumor,no_tumor,0.9998570680618286
MaskRCNN,dataset/test/no_tumor/no1161.jpg,no_tumor,no_tumor,0.9999837875366211
MaskRCNN,dataset/test/no_tumor/no1175.jpg,no_tumor,no_tumor,0.9999747276306152
MaskRCNN,dataset/test/no_tumor/no1149.jpg,no_tumor,no_tumor,0.9995071887969971
MaskRCNN,dataset/test/no_tumor/no1217.jpg,no_tumor,no_tumor,0.999790370464325
MaskRCNN,dataset/test/no_tumor/no1203.jpg,no_tumor,no_tumor,0.9971074461936951
MaskRCNN,dataset/test/no_tumor/no1202.jpg,no_tumor,no_tumor,0.9933224320411682
MaskRCNN,dataset/test/no_tumor/no1216.jpg,no_tumor,no_tumor,0.9994328618049622
MaskRCNN,dataset/test/no_tumor/no1148.jpg,no_tumor,no_tumor,0.999984622001648
MaskRCNN,dataset/test/no_tumor/no1174.jpg,no_tumor,no_tumor,0.9999610185623169
MaskRCNN,dataset/test/no_tumor/no1160.jpg,no_tumor,no_tumor,0.9998422861099243
MaskRCNN,dataset/test/no_tumor/no1158.jpg,no_tumor,no_tumor,0.9999914169311523
MaskRCNN,dataset/test/no_tumor/no1164.jpg,no_tumor,no_tumor,0.9996092915534973
MaskRCNN,dataset/test/no_tumor/no1170.jpg,no_tumor,no_tumor,0.9999995231628418
MaskRCNN,dataset/test/no_tumor/no1212.jpg,no_tumor,no_tumor,0.9999767541885376
MaskRCNN,dataset/test/no_tumor/no1206.jpg,no_tumor,no_tumor,0.9999918937683105
MaskRCNN,dataset/test/no_tumor/no1207.jpg,no_tumor,no_tumor,0.9998410940170288
MaskRCNN,dataset/test/no_tumor/no1213.jpg,no_tumor,no_tumor,0.9999891519546509
MaskRCNN,dataset/test/no_tumor/no1171.jpg,no_tumor,no_tumor,0.9999185800552368
MaskRCNN,dataset/test/no_tumor/no1165.jpg,no_tumor,no_tumor,0.9965465664863586
MaskRCNN,dataset/test/no_tumor/no1159.jpg,no_tumor,no_tumor,0.9999328851699829
MaskRCNN,dataset/test/no_tumor/no1173.jpg,no_tumor,no_tumor,0.999976396560669
MaskRCNN,dataset/test/no_tumor/no1167.jpg,no_tumor,no_tumor,0.9999192953109741
MaskRCNN,dataset/test/no_tumor/no1198.jpg,no_tumor,no_tumor,0.9998691082000732
MaskRCNN,dataset/test/no_tumor/no1239.jpg,no_tumor,no_tumor,0.9987363219261169
MaskRCNN,dataset/test/no_tumor/no1205.jpg,no_tumor,no_tumor,0.9999874830245972
MaskRCNN,dataset/test/no_tumor/no1211.jpg,no_tumor,no_tumor,0.999026894569397
MaskRCNN,dataset/test/no_tumor/no1210.jpg,no_tumor,no_tumor,0.9999980926513672
MaskRCNN,dataset/test/no_tumor/no1204.jpg,no_tumor,no_tumor,0.9999386072158813
MaskRCNN,dataset/test/no_tumor/no1238.jpg,no_tumor,no_tumor,0.9966570138931274
MaskRCNN,dataset/test/no_tumor/no1199.jpg,no_tumor,no_tumor,0.9999954700469971
MaskRCNN,dataset/test/no_tumor/no1166.jpg,no_tumor,no_tumor,0.999977707862854
MaskRCNN,dataset/test/no_tumor/no1172.jpg,no_tumor,no_tumor,0.9999891519546509
MaskRCNN,dataset/test/tumor/y1141.jpg,tumor,tumor,0.9998507499694824
MaskRCNN,dataset/test/tumor/y1155.jpg,tumor,tumor,0.9999960660934448
MaskRCNN,dataset/test/tumor/y1169.jpg,tumor,tumor,1.0
MaskRCNN,dataset/test/tumor/y1182.jpg,tumor,tumor,0.9995013475418091
MaskRCNN,dataset/test/tumor/y1196.jpg,tumor,tumor,0.9999897480010986
MaskRCNN,dataset/test/tumor/y1237.jpg,tumor,tumor,0.9945515990257263
MaskRCNN,dataset/test/tumor/y1223.jpg,tumor,tumor,0.9997808337211609
MaskRCNN,dataset/test/tumor/y1222.jpg,tumor,tumor,0.9999996423721313
MaskRCNN,dataset/test/tumor/y1236.jpg,tumor,tumor,0.9999908208847046
MaskRCNN,dataset/test/tumor/y1197.jpg,tumor,tumor,0.94094318151474
MaskRCNN,dataset/test/tumor/y1183.jpg,tumor,tumor,0.999941349029541
MaskRCNN,dataset/test/tumor/y1168.jpg,tumor,tumor,0.999976634979248
MaskRCNN,dataset/test/tumor/y1154.jpg,tumor,tumor,0.9999790191650391
MaskRCNN,dataset/test/tumor/y1140.jpg,tumor,tumor,0.9999998807907104
MaskRCNN,dataset/test/tumor/y1156.jpg,tumor,tumor,0.9999995231628418
MaskRCNN,dataset/test/tumor/y1142.jpg,tumor,tumor,0.9998428821563721
MaskRCNN,dataset/test/tumor/y1195.jpg,tumor,tumor,1.0
MaskRCNN,dataset/test/tumor/y1181.jpg,tumor,tumor,0.9999998807907104
MaskRCNN,dataset/test/tumor/y1220.jpg,tumor,tumor,0.9999133348464966
MaskRCNN,dataset/test/tumor/y1234.jpg,tumor,tumor,1.0
MaskRCNN,dataset/test/tumor/y1208.jpg,tumor,tumor,0.9999909400939941
MaskRCNN,dataset/test/tumor/y1209.jpg,tumor,tumor,0.9999973773956299
MaskRCNN,dataset/test/tumor/y1235.jpg,tumor,tumor,0.9965830445289612
MaskRCNN,dataset/test/tumor/y1221.jpg,tumor,tumor,0.999066174030304
MaskRCNN,dataset/test/tumor/y1180.jpg,tumor,tumor,0.999994158744812
MaskRCNN,dataset/test/tumor/y1194.jpg,tumor,tumor,0.9995023012161255
MaskRCNN,dataset/test/tumor/y1143.jpg,tumor,tumor,0.9999595880508423
MaskRCNN,dataset/test/tumor/y1157.jpg,tumor,tumor,0.9996849298477173
MaskRCNN,dataset/test/tumor/y1153.jpg,tumor,tumor,1.0
MaskRCNN,dataset/test/tumor/y1147.jpg,tumor,tumor,0.9999997615814209
MaskRCNN,dataset/test/tumor/y1190.jpg,tumor,tumor,0.8608541488647461
MaskRCNN,dataset/test/tumor/y1184.jpg,tumor,tumor,0.9736446738243103
MaskRCNN,dataset/test/tumor/y1219.jpg,tumor,tumor,0.9999998807907104
MaskRCNN,dataset/test/tumor/y1225.jpg,tumor,tumor,0.9999958276748657
MaskRCNN,dataset/test/tumor/y1231.jpg,tumor,tumor,0.9999988079071045
MaskRCNN,dataset/test/tumor/y1230.jpg,tumor,tumor,1.0
MaskRCNN,dataset/test/tumor/y1224.jpg,tumor,tumor,0.9999986886978149
MaskRCNN,dataset/test/tumor/y1218.jpg,tumor,tumor,1.0
MaskRCNN,dataset/test/tumor/y1185.jpg,tumor,tumor,0.9957020878791809
MaskRCNN,dataset/test/tumor/y1191.jpg,tumor,tumor,0.9999995231628418
MaskRCNN,dataset/test/tumor/y1146.jpg,tumor,tumor,0.9999998807907104
MaskRCNN,dataset/test/tumor/y1152.jpg,tumor,tumor,0.9999998807907104
MaskRCNN,dataset/test/tumor/y1178.jpg,tumor,tumor,0.9999995231628418
MaskRCNN,dataset/test/tumor/y1144.jpg,tumor,tumor,0.9999991655349731
MaskRCNN,dataset/test/tumor/y1150.jpg,tumor,tumor,0.999998927116394
MaskRCNN,dataset/test/tumor/y1187.jpg,tumor,tumor,0.9999995231628418
MaskRCNN,dataset/test/tumor/y1193.jpg,tumor,tumor,0.9999995231628418
MaskRCNN,dataset/test/tumor/y1232.jpg,tumor,tumor,0.9999902248382568
MaskRCNN,dataset/test/tumor/y1226.jpg,tumor,tumor,0.9999977350234985
MaskRCNN,dataset/test/tumor/y1227.jpg,tumor,tumor,1.0
MaskRCNN,dataset/test/tumor/y1233.jpg,tumor,tumor,0.999990701675415
MaskRCNN,dataset/test/tumor/y1192.jpg,tumor,tumor,1.0
MaskRCNN,dataset/test/tumor/y1186.jpg,tumor,tumor,0.9998832941055298
MaskRCNN,dataset/test/tumor/y1151.jpg,tumor,tumor,1.0
MaskRCNN,dataset/test/tumor/y1145.jpg,tumor,tumor,0.999998927116394
MaskRCNN,dataset/test/tumor/y1179.jpg,tumor,tumor,0.9997023940086365
MaskRCNN,dataset/test/tumor/y1122.jpg,tumor,tumor,1.0
MaskRCNN,dataset/test/tumor/y1136.jpg,tumor,tumor,0.9998428821563721
MaskRCNN,dataset/test/tumor/y1056.jpg,tumor,tumor,0.9999570846557617
MaskRCNN,dataset/test/tumor/y1095.jpg,tumor,tumor,1.0
MaskRCNN,dataset/test/tumor/y1081.jpg,tumor,tumor,1.0
MaskRCNN,dataset/test/tumor/y1254.jpg,tumor,tumor,0.9991990923881531
MaskRCNN,dataset/test/tumor/y1240.jpg,tumor,tumor,0.5827338099479675
MaskRCNN,dataset/test/tumor/y1268.jpg,tumor,tumor,0.9999954700469971
MaskRCNN,dataset/test/tumor/y1269.jpg,tumor,tumor,0.9997182488441467
MaskRCNN,dataset/test/tumor/y1241.jpg,tumor,tumor,0.938987135887146
MaskRCNN,dataset/test/tumor/y1255.jpg,tumor,tumor,0.9997957348823547
MaskRCNN,dataset/test/tumor/y1080.jpg,tumor,tumor,1.0
MaskRCNN,dataset/test/tumor/y1094.jpg,tumor,tumor,0.9999948740005493
MaskRCNN,dataset/test/tumor/y1057.jpg,tumor,tumor,0.9999654293060303
MaskRCNN,dataset/test/tumor/y1137.jpg,tumor,tumor,0.999975323677063
MaskRCNN,dataset/test/tumor/y1123.jpg,tumor,tumor,0.999987006187439
MaskRCNN,dataset/test/tumor/y1135.jpg,tumor,tumor,0.9999998807907104
MaskRCNN,dataset/test/tumor/y1121.jpg,tumor,tumor,0.9999984502792358
MaskRCNN,dataset/test/tumor/y1109.jpg,tumor,tumor,0.9999998807907104
MaskRCNN,dataset/test/tumor/y1055.jpg,tumor,tumor,0.9999696016311646
MaskRCNN,dataset/test/tumor/y1069.jpg,tumor,tumor,0.9999986886978149
MaskRCNN,dataset/test/tumor/y1082.jpg,tumor,tumor,0.9999176263809204
MaskRCNN,dataset/test/tumor/y1096.jpg,tumor,tumor,1.0
MaskRCNN,dataset/test/tumor/y1243.jpg,tumor,tumor,0.9999991655349731
MaskRCNN,dataset/test/tumor/y1257.jpg,tumor,tumor,0.9999982118606567
MaskRCNN,dataset/test/tumor/y1256.jpg,tumor,tumor,0.9999995231628418
MaskRCNN,dataset/test/tumor/y1242.jpg,tumor,tumor,0.9999406337738037
MaskRCNN,dataset/test/tumor/y1097.jpg,tumor,tumor,0.9999998807907104
MaskRCNN,dataset/test/tumor/y1083.jpg,tumor,tumor,1.0
MaskRCNN,dataset/test/tumor/y1068.jpg,tumor,tumor,0.9999998807907104
MaskRCNN,dataset/test/tumor/y1054.jpg,tumor,tumor,0.9999991655349731
MaskRCNN,dataset/test/tumor/y1108.jpg,tumor,tumor,1.0
MaskRCNN,dataset/test/tumor/y1120.jpg,tumor,tumor,1.0
MaskRCNN,dataset/test/tumor/y1134.jpg,tumor,tumor,0.9999972581863403
MaskRCNN,dataset/test/tumor/y1118.jpg,tumor,tumor,0.9999998807907104
MaskRCNN,dataset/test/tumor/y1130.jpg,tumor,tumor,0.9999910593032837
MaskRCNN,dataset/test/tumor/y1124.jpg,tumor,tumor,0.9999843835830688
MaskRCNN,dataset/test/tumor/y1078.jpg,tumor,tumor,0.9999997615814209
MaskRCNN,dataset/test/tumor/y1087.jpg,tumor,tumor,1.0
MaskRCNN,dataset/test/tumor/y1093.jpg,tumor,tumor,1.0
MaskRCNN,dataset/test/tumor/y1246.jpg,tumor,tumor,1.0
MaskRCNN,dataset/test/tumor/y1252.jpg,tumor,tumor,1.0
MaskRCNN,dataset/test/tumor/y1253.jpg,tumor,tumor,1.0
MaskRCNN,dataset/test/tumor/y1247.jpg,tumor,tumor,0.9999998807907104
MaskRCNN,dataset/test/tumor/y1092.jpg,tumor,tumor,1.0
MaskRCNN,dataset/test/tumor/y1086.jpg,tumor,tumor,0.9996424913406372
MaskRCNN,dataset/test/tumor/y1051.jpg,tumor,tumor,0.9999998807907104
MaskRCNN,dataset/test/tumor/y1079.jpg,tumor,tumor,1.0
MaskRCNN,dataset/test/tumor/y1125.jpg,tumor,tumor,0.9989826083183289
MaskRCNN,dataset/test/tumor/y1131.jpg,tumor,tumor,1.0
MaskRCNN,dataset/test/tumor/y1119.jpg,tumor,tumor,1.0
MaskRCNN,dataset/test/tumor/y1127.jpg,tumor,tumor,0.9999771118164062
MaskRCNN,dataset/test/tumor/y1133.jpg,tumor,tumor,0.9999991655349731
MaskRCNN,dataset/test/tumor/y1053.jpg,tumor,tumor,0.9999998807907104
MaskRCNN,dataset/test/tumor/y1090.jpg,tumor,tumor,0.9184368252754211
MaskRCNN,dataset/test/tumor/y1084.jpg,tumor,tumor,0.9999667406082153
MaskRCNN,dataset/test/tumor/y1251.jpg,tumor,tumor,0.9999688863754272
MaskRCNN,dataset/test/tumor/y1245.jpg,tumor,tumor,0.9998838901519775
MaskRCNN,dataset/test/tumor/y1244.jpg,tumor,tumor,0.9999743700027466
MaskRCNN,dataset/test/tumor/y1250.jpg,tumor,tumor,0.9999734163284302
MaskRCNN,dataset/test/tumor/y1085.jpg,tumor,tumor,0.9997895359992981
MaskRCNN,dataset/test/tumor/y1091.jpg,tumor,tumor,1.0
MaskRCNN,dataset/test/tumor/y1052.jpg,tumor,tumor,1.0
MaskRCNN,dataset/test/tumor/y1132.jpg,tumor,tumor,0.9999979734420776
MaskRCNN,dataset/test/tumor/y1126.jpg,tumor,tumor,0.9999996423721313
MaskRCNN,dataset/test/tumor/y1103.jpg,tumor,tumor,0.9999972581863403
MaskRCNN,dataset/test/tumor/y1117.jpg,tumor,tumor,0.9999940395355225
MaskRCNN,dataset/test/tumor/y1077.jpg,tumor,tumor,0.9999998807907104
MaskRCNN,dataset/test/tumor/y1063.jpg,tumor,tumor,1.0
MaskRCNN,dataset/test/tumor/y1088.jpg,tumor,tumor,0.9999973773956299
MaskRCNN,dataset/test/tumor/y1275.jpg,tumor,tumor,0.9947265982627869
MaskRCNN,dataset/test/tumor/y1261.jpg,tumor,tumor,0.9999947547912598
MaskRCNN,dataset/test/tumor/y1249.jpg,tumor,tumor,0.923069953918457
MaskRCNN,dataset/test/tumor/y1248.jpg,tumor,tumor,1.0
MaskRCNN,dataset/test/tumor/y1260.jpg,tumor,tumor,0.9999908208847046
MaskRCNN,dataset/test/tumor/y1274.jpg,tumor,tumor,0.9973892569541931
MaskRCNN,dataset/test/tumor/y1089.jpg,tumor,tumor,0.9999996423721313
MaskRCNN,dataset/test/tumor/y1062.jpg,tumor,tumor,1.0
MaskRCNN,dataset/test/tumor/y1076.jpg,tumor,tumor,0.7389100790023804
MaskRCNN,dataset/test/tumor/y1116.jpg,tumor,tumor,1.0
MaskRCNN,dataset/test/tumor/y1102.jpg,tumor,tumor,1.0
MaskRCNN,dataset/test/tumor/y1114.jpg,tumor,tumor,0.9996258020401001
MaskRCNN,dataset/test/tumor/y1100.jpg,tumor,tumor,0.9999995231628418
MaskRCNN,dataset/test/tumor/y1128.jpg,tumor,tumor,0.9999961853027344
MaskRCNN,dataset/test/tumor/y1060.jpg,tumor,tumor,1.0
MaskRCNN,dataset/test/tumor/y1074.jpg,tumor,tumor,0.9999874830245972
MaskRCNN,dataset/test/tumor/y1262.jpg,tumor,no_tumor,0.7210569977760315
MaskRCNN,dataset/test/tumor/y1263.jpg,tumor,tumor,1.0
MaskRCNN,dataset/test/tumor/y1075.jpg,tumor,tumor,1.0
MaskRCNN,dataset/test/tumor/y1061.jpg,tumor,tumor,1.0
MaskRCNN,dataset/test/tumor/y1129.jpg,tumor,tumor,0.9999998807907104
MaskRCNN,dataset/test/tumor/y1101.jpg,tumor,tumor,1.0
MaskRCNN,dataset/test/tumor/y1115.jpg,tumor,tumor,0.9999551773071289
MaskRCNN,dataset/test/tumor/y1139.jpg,tumor,tumor,0.9999960660934448
MaskRCNN,dataset/test/tumor/y1111.jpg,tumor,tumor,1.0
MaskRCNN,dataset/test/tumor/y1105.jpg,tumor,tumor,0.9999998807907104
MaskRCNN,dataset/test/tumor/y1059.jpg,tumor,tumor,0.9999899864196777
MaskRCNN,dataset/test/tumor/y1065.jpg,tumor,tumor,0.9999998807907104
MaskRCNN,dataset/test/tumor/y1071.jpg,tumor,tumor,0.9999855756759644
MaskRCNN,dataset/test/tumor/y1267.jpg,tumor,tumor,0.9998457431793213
MaskRCNN,dataset/test/tumor/y1273.jpg,tumor,tumor,0.9999392032623291
MaskRCNN,dataset/test/tumor/y1272.jpg,tumor,tumor,1.0
MaskRCNN,dataset/test/tumor/y1266.jpg,tumor,tumor,0.9999983310699463
MaskRCNN,dataset/test/tumor/y1070.jpg,tumor,tumor,0.9999194145202637
MaskRCNN,dataset/test/tumor/y1064.jpg,tumor,tumor,0.9999998807907104
MaskRCNN,dataset/test/tumor/y1058.jpg,tumor,tumor,0.9999971389770508
MaskRCNN,dataset/test/tumor/y1104.jpg,tumor,tumor,0.9999991655349731
MaskRCNN,dataset/test/tumor/y1110.jpg,tumor,tumor,0.999975323677063
MaskRCNN,dataset/test/tumor/y1138.jpg,tumor,tumor,0.9998558759689331
MaskRCNN,dataset/test/tumor/y1106.jpg,tumor,tumor,1.0
MaskRCNN,dataset/test/tumor/y1112.jpg,tumor,no_tumor,0.9692766666412354
MaskRCNN,dataset/test/tumor/y1072.jpg,tumor,tumor,0.9999998807907104
MaskRCNN,dataset/test/tumor/y1066.jpg,tumor,tumor,0.9999938011169434
MaskRCNN,dataset/test/tumor/y1099.jpg,tumor,tumor,1.0
MaskRCNN,dataset/test/tumor/y1258.jpg,tumor,tumor,0.9734405279159546
MaskRCNN,dataset/test/tumor/y1270.jpg,tumor,tumor,0.9976403713226318
MaskRCNN,dataset/test/tumor/y1264.jpg,tumor,tumor,0.9999992847442627
MaskRCNN,dataset/test/tumor/y1265.jpg,tumor,tumor,0.9999984502792358
MaskRCNN,dataset/test/tumor/y1271.jpg,tumor,tumor,0.9973881840705872
MaskRCNN,dataset/test/tumor/y1259.jpg,tumor,tumor,0.9999998807907104
MaskRCNN,dataset/test/tumor/y1098.jpg,tumor,tumor,0.9999926090240479
MaskRCNN,dataset/test/tumor/y1067.jpg,tumor,tumor,0.9999988079071045
MaskRCNN,dataset/test/tumor/y1073.jpg,tumor,tumor,0.999998927116394
MaskRCNN,dataset/test/tumor/y1113.jpg,tumor,tumor,0.9999958276748657
MaskRCNN,dataset/test/tumor/y1107.jpg,tumor,tumor,0.9999963045120239
MaskRCNN,dataset/test/tumor/y1160.jpg,tumor,tumor,0.9999997615814209
MaskRCNN,dataset/test/tumor/y1174.jpg,tumor,tumor,0.9999992847442627
MaskRCNN,dataset/test/tumor/y1148.jpg,tumor,tumor,0.9999995231628418
MaskRCNN,dataset/test/tumor/y1216.jpg,tumor,tumor,0.9999998807907104
MaskRCNN,dataset/test/tumor/y1202.jpg,tumor,tumor,0.9999995231628418
MaskRCNN,dataset/test/tumor/y1203.jpg,tumor,tumor,0.9999991655349731
MaskRCNN,dataset/test/tumor/y1217.jpg,tumor,tumor,1.0
MaskRCNN,dataset/test/tumor/y1149.jpg,tumor,tumor,0.9999082088470459
MaskRCNN,dataset/test/tumor/y1175.jpg,tumor,tumor,1.0
MaskRCNN,dataset/test/tumor/y1161.jpg,tumor,tumor,0.9999996423721313
MaskRCNN,dataset/test/tumor/y1177.jpg,tumor,tumor,0.999998927116394
MaskRCNN,dataset/test/tumor/y1163.jpg,tumor,tumor,0.9999994039535522
MaskRCNN,dataset/test/tumor/y1188.jpg,tumor,tumor,0.9999977350234985
MaskRCNN,dataset/test/tumor/y1201.jpg,tumor,tumor,0.9999998807907104
MaskRCNN,dataset/test/tumor/y1215.jpg,tumor,tumor,1.0
MaskRCNN,dataset/test/tumor/y1229.jpg,tumor,tumor,1.0
MaskRCNN,dataset/test/tumor/y1228.jpg,tumor,tumor,1.0
MaskRCNN,dataset/test/tumor/y1214.jpg,tumor,tumor,0.9999998807907104
MaskRCNN,dataset/test/tumor/y1200.jpg,tumor,tumor,0.9999991655349731
MaskRCNN,dataset/test/tumor/y1189.jpg,tumor,tumor,0.9920694828033447
MaskRCNN,dataset/test/tumor/y1162.jpg,tumor,tumor,1.0
MaskRCNN,dataset/test/tumor/y1176.jpg,tumor,tumor,0.9999997615814209
MaskRCNN,dataset/test/tumor/y1172.jpg,tumor,tumor,0.999997615814209
MaskRCNN,dataset/test/tumor/y1166.jpg,tumor,tumor,0.9999985694885254
MaskRCNN,dataset/test/tumor/y1199.jpg,tumor,tumor,1.0
MaskRCNN,dataset/test/tumor/y1238.jpg,tumor,tumor,1.0
MaskRCNN,dataset/test/tumor/y1204.jpg,tumor,tumor,0.9999963045120239
MaskRCNN,dataset/test/tumor/y1210.jpg,tumor,no_tumor,0.8012451529502869
MaskRCNN,dataset/test/tumor/y1211.jpg,tumor,tumor,0.9994822144508362
MaskRCNN,dataset/test/tumor/y1205.jpg,tumor,tumor,0.999998927116394
MaskRCNN,dataset/test/tumor/y1239.jpg,tumor,tumor,0.9967396855354309
MaskRCNN,dataset/test/tumor/y1198.jpg,tumor,tumor,0.9999587535858154
MaskRCNN,dataset/test/tumor/y1167.jpg,tumor,tumor,0.9999995231628418
MaskRCNN,dataset/test/tumor/y1173.jpg,tumor,tumor,0.9999992847442627
MaskRCNN,dataset/test/tumor/y1159.jpg,tumor,tumor,1.0
MaskRCNN,dataset/test/tumor/y1165.jpg,tumor,tumor,0.9999997615814209
MaskRCNN,dataset/test/tumor/y1171.jpg,tumor,tumor,0.9999994039535522
MaskRCNN,dataset/test/tumor/y1213.jpg,tumor,tumor,1.0
MaskRCNN,dataset/test/tumor/y1207.jpg,tumor,tumor,1.0
MaskRCNN,dataset/test/tumor/y1206.jpg,tumor,tumor,0.9999814033508301
MaskRCNN,dataset/test/tumor/y1212.jpg,tumor,tumor,0.9999998807907104
MaskRCNN,dataset/test/tumor/y1170.jpg,tumor,tumor,0.9719708561897278
MaskRCNN,dataset/test/tumor/y1164.jpg,tumor,tumor,0.9999998807907104
MaskRCNN,dataset/test/tumor/y1158.jpg,tumor,tumor,1.0
RetinaNet,dataset/test/no_tumor/no1157.jpg,no_tumor,no_tumor,0.999988317489624
RetinaNet,dataset/test/no_tumor/no1143.jpg,no_tumor,no_tumor,0.9999966621398926
RetinaNet,dataset/test/no_tumor/no1194.jpg,no_tumor,no_tumor,0.9997900128364563
RetinaNet,dataset/test/no_tumor/no1180.jpg,no_tumor,no_tumor,0.9992363452911377
RetinaNet,dataset/test/no_tumor/no1221.jpg,no_tumor,no_tumor,0.9999904632568359
RetinaNet,dataset/test/no_tumor/no1235.jpg,no_tumor,no_tumor,0.9999998807907104
RetinaNet,dataset/test/no_tumor/no1209.jpg,no_tumor,no_tumor,0.9991231560707092
RetinaNet,dataset/test/no_tumor/no1208.jpg,no_tumor,no_tumor,0.9915448427200317
RetinaNet,dataset/test/no_tumor/no1234.jpg,no_tumor,no_tumor,0.9997671246528625
RetinaNet,dataset/test/no_tumor/no1220.jpg,no_tumor,no_tumor,0.9999281167984009
RetinaNet,dataset/test/no_tumor/no1181.jpg,no_tumor,no_tumor,0.9999740123748779
RetinaNet,dataset/test/no_tumor/no1195.jpg,no_tumor,no_tumor,0.9490327835083008
RetinaNet,dataset/test/no_tumor/no1142.jpg,no_tumor,no_tumor,0.9997686743736267
RetinaNet,dataset/test/no_tumor/no1156.jpg,no_tumor,no_tumor,0.9998698234558105
RetinaNet,dataset/test/no_tumor/no1140.jpg,no_tumor,no_tumor,0.9984090924263
RetinaNet,dataset/test/no_tumor/no1154.jpg,no_tumor,no_tumor,0.9999338388442993
RetinaNet,dataset/test/no_tumor/no1168.jpg,no_tumor,no_tumor,0.9999994039535522
RetinaNet,dataset/test/no_tumor/no1183.jpg,no_tumor,no_tumor,0.999581515789032
RetinaNet,dataset/test/no_tumor/no1197.jpg,no_tumor,no_tumor,0.9995703101158142
RetinaNet,dataset/test/no_tumor/no1236.jpg,no_tumor,no_tumor,0.5613084435462952
RetinaNet,dataset/test/no_tumor/no1222.jpg,no_tumor,no_tumor,0.9999301433563232
RetinaNet,dataset/test/no_tumor/no1223.jpg,no_tumor,no_tumor,0.9994500279426575
RetinaNet,dataset/test/no_tumor/no1237.jpg,no_tumor,no_tumor,0.9999886751174927
RetinaNet,dataset/test/no_tumor/no1196.jpg,no_tumor,no_tumor,0.9999960660934448
RetinaNet,dataset/test/no_tumor/no1182.jpg,no_tumor,no_tumor,0.9999452829360962
RetinaNet,dataset/test/no_tumor/no1169.jpg,no_tumor,no_tumor,0.9964737296104431
RetinaNet,dataset/test/no_tumor/no1155.jpg,no_tumor,no_tumor,0.999984860420227
RetinaNet,dataset/test/no_tumor/no1141.jpg,no_tumor,no_tumor,0.9999610185623169
RetinaNet,dataset/test/no_tumor/no1179.jpg,no_tumor,no_tumor,0.9993433356285095
RetinaNet,dataset/test/no_tumor/no1145.jpg,no_tumor,no_tumor,0.9999409914016724
RetinaNet,dataset/test/no_tumor/no1151.jpg,no_tumor,no_tumor,0.9999651908874512
RetinaNet,dataset/test/no_tumor/no1186.jpg,no_tumor,no_tumor,0.9886674284934998
RetinaNet,dataset/test/no_tumor/no1192.jpg,no_tumor,no_tumor,0.9986990690231323
RetinaNet,dataset/test/no_tumor/no1233.jpg,no_tumor,no_tumor,0.9999994039535522
RetinaNet,dataset/test/no_tumor/no1227.jpg,no_tumor,no_tumor,0.9999983310699463
RetinaNet,dataset/test/no_tumor/no1226.jpg,no_tumor,no_tumor,0.999840497970581
RetinaNet,dataset/test/no_tumor/no1232.jpg,no_tumor,no_tumor,0.9856297373771667
RetinaNet,dataset/test/no_tumor/no1193.jpg,no_tumor,no_tumor,0.9997376799583435
RetinaNet,dataset/test/no_tumor/no1187.jpg,no_tumor,no_tumor,0.9999376535415649
RetinaNet,dataset/test/no_tumor/no1150.jpg,no_tumor,no_tumor,0.9999977350234985
RetinaNet,dataset/test/no_tumor/no1144.jpg,no_tumor,no_tumor,0.9999176263809204
RetinaNet,dataset/test/no_tumor/no1178.jpg,no_tumor,no_tumor,0.9999744892120361
RetinaNet,dataset/test/no_tumor/no1152.jpg,no_tumor,no_tumor,0.9999483823776245
RetinaNet,dataset/test/no_tumor/no1146.jpg,no_tumor,no_tumor,0.9999847412109375
RetinaNet,dataset/test/no_tumor/no1191.jpg,no_tumor,no_tumor,0.9979708790779114
RetinaNet,dataset/test/no_tumor/no1185.jpg,no_tumor,no_tumor,0.9999558925628662
RetinaNet,dataset/test/no_tumor/no1218.jpg,no_tumor,no_tumor,0.9999551773071289
RetinaNet,dataset/test/no_tumor/no1224.jpg,no_tumor,no_tumor,0.9999986886978149
RetinaNet,dataset/test/no_tumor/no1230.jpg,no_tumor,no_tumor,0.999481737613678
RetinaNet,dataset/test/no_tumor/no1231.jpg,no_tumor,no_tumor,0.9999291896820068
RetinaNet,dataset/test/no_tumor/no1225.jpg,no_tumor,no_tumor,0.9991464614868164
RetinaNet,dataset/test/no_tumor/no1219.jpg,no_tumor,no_tumor,0.9981719255447388
RetinaNet,dataset/test/no_tumor/no1184.jpg,no_tumor,no_tumor,0.9999788999557495
RetinaNet,dataset/test/no_tumor/no1190.jpg,no_tumor,no_tumor,0.999932050704956
RetinaNet,dataset/test/no_tumor/no1147.jpg,no_tumor,no_tumor,0.9999772310256958
RetinaNet,dataset/test/no_tumor/no1153.jpg,no_tumor,no_tumor,0.9998729228973389
RetinaNet,dataset/test/no_tumor/no1134.jpg,no_tumor,no_tumor,0.9999860525131226
RetinaNet,dataset/test/no_tumor/no1120.jpg,no_tumor,no_tumor,0.9990096092224121
RetinaNet,dataset/test/no_tumor/no1108.jpg,no_tumor,no_tumor,0.9997134804725647
RetinaNet,dataset/test/no_tumor/no1242.jpg,no_tumor,no_tumor,0.9999629259109497
RetinaNet,dataset/test/no_tumor/no1256.jpg,no_tumor,no_tumor,0.9999696016311646
RetinaNet,dataset/test/no_tumor/no1054.jpg,no_tumor,no_tumor,0.999984860420227
RetinaNet,dataset/test/no_tumor/no1068.jpg,no_tumor,no_tumor,0.9998935461044312
RetinaNet,dataset/test/no_tumor/no1083.jpg,no_tumor,no_tumor,0.9999750852584839
RetinaNet,dataset/test/no_tumor/no1097.jpg,no_tumor,no_tumor,0.9999978542327881
RetinaNet,dataset/test/no_tumor/no1096.jpg,no_tumor,no_tumor,0.9999985694885254
RetinaNet,dataset/test/no_tumor/no1082.jpg,no_tumor,no_tumor,0.9999701976776123
RetinaNet,dataset/test/no_tumor/no1069.jpg,no_tumor,no_tumor,0.999953031539917
RetinaNet,dataset/test/no_tumor/no1055.jpg,no_tumor,no_tumor,0.9999197721481323
RetinaNet,dataset/test/no_tumor/no1257.jpg,no_tumor,no_tumor,0.9999788999557495
RetinaNet,dataset/test/no_tumor/no1243.jpg,no_tumor,no_tumor,0.9999957084655762
RetinaNet,dataset/test/no_tumor/no1109.jpg,no_tumor,no_tumor,0.9989975094795227
RetinaNet,dataset/test/no_tumor/no1121.jpg,no_tumor,no_tumor,0.9991044402122498
RetinaNet,dataset/test/no_tumor/no1135.jpg,no_tumor,no_tumor,0.9999126195907593
RetinaNet,dataset/test/no_tumor/no1123.jpg,no_tumor,no_tumor,0.9999954700469971
RetinaNet,dataset/test/no_tumor/no1137.jpg,no_tumor,no_tumor,0.9999995231628418
RetinaNet,dataset/test/no_tumor/no1255.jpg,no_tumor,no_tumor,0.9999819993972778
RetinaNet,dataset/test/no_tumor/no1241.jpg,no_tumor,no_tumor,0.9999713897705078
RetinaNet,dataset/test/no_tumor/no1269.jpg,no_tumor,no_tumor,0.9999912977218628
RetinaNet,dataset/test/no_tumor/no1057.jpg,no_tumor,no_tumor,0.9999082088470459
RetinaNet,dataset/test/no_tumor/no1094.jpg,no_tumor,no_tumor,0.9999938011169434
RetinaNet,dataset/test/no_tumor/no1080.jpg,no_tumor,no_tumor,0.9999926090240479
RetinaNet,dataset/test/no_tumor/no1081.jpg,no_tumor,no_tumor,0.9999798536300659
RetinaNet,dataset/test/no_tumor/no1095.jpg,no_tumor,no_tumor,0.9999841451644897
RetinaNet,dataset/test/no_tumor/no1056.jpg,no_tumor,no_tumor,0.9999973773956299
RetinaNet,dataset/test/no_tumor/no1268.jpg,no_tumor,no_tumor,0.9999567270278931
RetinaNet,dataset/test/no_tumor/no1240.jpg,no_tumor,no_tumor,0.9999966621398926
RetinaNet,dataset/test/no_tumor/no1254.jpg,no_tumor,no_tumor,0.9999090433120728
RetinaNet,dataset/test/no_tumor/no1136.jpg,no_tumor,no_tumor,0.9999997615814209
RetinaNet,dataset/test/no_tumor/no1122.jpg,no_tumor,no_tumor,0.9989144802093506
RetinaNet,dataset/test/no_tumor/no1126.jpg,no_tumor,no_tumor,0.9999995231628418
RetinaNet,dataset/test/no_tumor/no1132.jpg,no_tumor,no_tumor,0.9961668848991394
RetinaNet,dataset/test/no_tumor/no1250.jpg,no_tumor,no_tumor,0.9999994039535522
RetinaNet,dataset/test/no_tumor/no1244.jpg,no_tumor,no_tumor,0.9999219179153442
RetinaNet,dataset/test/no_tumor/no1052.jpg,no_tumor,no_tumor,0.9998971223831177
RetinaNet,dataset/test/no_tumor/no1091.jpg,no_tumor,no_tumor,0.999893307685852
RetinaNet,dataset/test/no_tumor/no1085.jpg,no_tumor,no_tumor,0.9999271631240845
RetinaNet,dataset/test/no_tumor/no1084.jpg,no_tumor,no_tumor,0.9998778104782104
RetinaNet,dataset/test/no_tumor/no1090.jpg,no_tumor,no_tumor,0.9999512434005737
RetinaNet,dataset/test/no_tumor/no1053.jpg,no_tumor,no_tumor,0.9996777772903442
RetinaNet,dataset/test/no_tumor/no1245.jpg,no_tumor,no_tumor,0.9988559484481812
RetinaNet,dataset/test/no_tumor/no1251.jpg,no_tumor,no_tumor,0.9999967813491821
RetinaNet,dataset/test/no_tumor/no1133.jpg,no_tumor,no_tumor,0.9999984502792358
RetinaNet,dataset/test/no_tumor/no1127.jpg,no_tumor,no_tumor,0.9999412298202515
RetinaNet,dataset/test/no_tumor/no1119.jpg,no_tumor,no_tumor,0.998653769493103
RetinaNet,dataset/test/no_tumor/no1131.jpg,no_tumor,no_tumor,0.9995013475418091
RetinaNet,dataset/test/no_tumor/no1125.jpg,no_tumor,no_tumor,0.9998852014541626
RetinaNet,dataset/test/no_tumor/no1247.jpg,no_tumor,no_tumor,0.9999872446060181
RetinaNet,dataset/test/no_tumor/no1253.jpg,no_tumor,no_tumor,0.9991679191589355
RetinaNet,dataset/test/no_tumor/no1079.jpg,no_tumor,no_tumor,0.9996386766433716
RetinaNet,dataset/test/no_tumor/no1051.jpg,no_tumor,no_tumor,0.9943337440490723
RetinaNet,dataset/test/no_tumor/no1086.jpg,no_tumor,no_tumor,0.9999977350234985
RetinaNet,dataset/test/no_tumor/no1092.jpg,no_tumor,no_tumor,0.9999847412109375
RetinaNet,dataset/test/no_tumor/no1093.jpg,no_tumor,no_tumor,0.9989210367202759
RetinaNet,dataset/test/no_tumor/no1087.jpg,no_tumor,no_tumor,0.9994218349456787
RetinaNet,dataset/test/no_tumor/no1078.jpg,no_tumor,no_tumor,0.9999676942825317
RetinaNet,dataset/test/no_tumor/no1252.jpg,no_tumor,no_tumor,0.999997615814209
RetinaNet,dataset/test/no_tumor/no1246.jpg,no_tumor,no_tumor,0.999921441078186
RetinaNet,dataset/test/no_tumor/no1124.jpg,no_tumor,no_tumor,0.999932050704956
RetinaNet,dataset/test/no_tumor/no1130.jpg,no_tumor,no_tumor,0.9999899864196777
RetinaNet,dataset/test/no_tumor/no1118.jpg,no_tumor,no_tumor,0.9999148845672607
RetinaNet,dataset/test/no_tumor/no1115.jpg,no_tumor,no_tumor,0.9987853169441223
RetinaNet,dataset/test/no_tumor/no1101.jpg,no_tumor,no_tumor,0.9921499490737915
RetinaNet,dataset/test/no_tumor/no1129.jpg,no_tumor,no_tumor,0.9998711347579956
RetinaNet,dataset/test/no_tumor/no1263.jpg,no_tumor,no_tumor,0.9999899864196777
RetinaNet,dataset/test/no_tumor/no1061.jpg,no_tumor,no_tumor,0.9999984502792358
RetinaNet,dataset/test/no_tumor/no1075.jpg,no_tumor,no_tumor,0.9999551773071289
RetinaNet,dataset/test/no_tumor/no1074.jpg,no_tumor,no_tumor,0.9999731779098511
RetinaNet,dataset/test/no_tumor/no1060.jpg,no_tumor,no_tumor,0.9999992847442627
RetinaNet,dataset/test/no_tumor/no1262.jpg,no_tumor,no_tumor,0.9998120665550232
RetinaNet,dataset/test/no_tumor/no1128.jpg,no_tumor,no_tumor,0.9968775510787964
RetinaNet,dataset/test/no_tumor/no1100.jpg,no_tumor,no_tumor,0.9969515800476074
RetinaNet,dataset/test/no_tumor/no1114.jpg,no_tumor,no_tumor,0.9999808073043823
RetinaNet,dataset/test/no_tumor/no1102.jpg,no_tumor,no_tumor,0.9999797344207764
RetinaNet,dataset/test/no_tumor/no1116.jpg,no_tumor,no_tumor,0.9999524354934692
RetinaNet,dataset/test/no_tumor/no1274.jpg,no_tumor,no_tumor,0.9999306201934814
RetinaNet,dataset/test/no_tumor/no1260.jpg,no_tumor,no_tumor,0.9999988079071045
RetinaNet,dataset/test/no_tumor/no1248.jpg,no_tumor,no_tumor,0.9999996423721313
RetinaNet,dataset/test/no_tumor/no1076.jpg,no_tumor,no_tumor,0.9999501705169678
RetinaNet,dataset/test/no_tumor/no1062.jpg,no_tumor,no_tumor,0.9998157620429993
RetinaNet,dataset/test/no_tumor/no1089.jpg,no_tumor,no_tumor,0.9974149465560913
RetinaNet,dataset/test/no_tumor/no1088.jpg,no_tumor,no_tumor,0.9998916387557983
RetinaNet,dataset/test/no_tumor/no1063.jpg,no_tumor,no_tumor,0.9999333620071411
RetinaNet,dataset/test/no_tumor/no1077.jpg,no_tumor,no_tumor,0.9999978542327881
RetinaNet,dataset/test/no_tumor/no1249.jpg,no_tumor,no_tumor,0.9999730587005615
RetinaNet,dataset/test/no_tumor/no1261.jpg,no_tumor,no_tumor,0.9999943971633911
RetinaNet,dataset/test/no_tumor/no1275.jpg,no_tumor,no_tumor,0.9999929666519165
RetinaNet,dataset/test/no_tumor/no1117.jpg,no_tumor,no_tumor,0.999981164932251
RetinaNet,dataset/test/no_tumor/no1103.jpg,no_tumor,no_tumor,0.9999778270721436
RetinaNet,dataset/test/no_tumor/no1107.jpg,no_tumor,no_tumor,0.9999833106994629
RetinaNet,dataset/test/no_tumor/no1113.jpg,no_tumor,no_tumor,0.9999779462814331
RetinaNet,dataset/test/no_tumor/no1259.jpg,no_tumor,no_tumor,0.9999213218688965
RetinaNet,dataset/test/no_tumor/no1271.jpg,no_tumor,no_tumor,0.9999990463256836
RetinaNet,dataset/test/no_tumor/no1265.jpg,no_tumor,no_tumor,0.9999982118606567
RetinaNet,dataset/test/no_tumor/no1073.jpg,no_tumor,no_tumor,0.9999897480010986
RetinaNet,dataset/test/no_tumor/no1067.jpg,no_tumor,no_tumor,0.9999493360519409
RetinaNet,dataset/test/no_tumor/no1098.jpg,no_tumor,no_tumor,0.9999780654907227
RetinaNet,dataset/test/no_tumor/no1099.jpg,no_tumor,no_tumor,0.9999805688858032
RetinaNet,dataset/test/no_tumor/no1066.jpg,no_tumor,no_tumor,0.9999958276748657
RetinaNet,dataset/test/no_tumor/no1072.jpg,no_tumor,no_tumor,0.9999983310699463
RetinaNet,dataset/test/no_tumor/no1264.jpg,no_tumor,no_tumor,0.9998756647109985
RetinaNet,dataset/test/no_tumor/no1270.jpg,no_tumor,no_tumor,0.9999982118606567
RetinaNet,dataset/test/no_tumor/no1258.jpg,no_tumor,no_tumor,0.9999955892562866
RetinaNet,dataset/test/no_tumor/no1112.jpg,no_tumor,no_tumor,0.9995977282524109
RetinaNet,dataset/test/no_tumor/no1106.jpg,no_tumor,no_tumor,0.9999994039535522
RetinaNet,dataset/test/no_tumor/no1138.jpg,no_tumor,no_tumor,0.9999963045120239
RetinaNet,dataset/test/no_tumor/no1110.jpg,no_tumor,no_tumor,0.9996753931045532
RetinaNet,dataset/test/no_tumor/no1104.jpg,no_tumor,tumor,0.6806015372276306
RetinaNet,dataset/test/no_tumor/no1266.jpg,no_tumor,no_tumor,0.9999938011169434
RetinaNet,dataset/test/no_tumor/no1272.jpg,no_tumor,no_tumor,0.999985933303833
RetinaNet,dataset/test/no_tumor/no1058.jpg,no_tumor,no_tumor,0.9999996423721313
RetinaNet,dataset/test/no_tumor/no1064.jpg,no_tumor,no_tumor,0.9997486472129822
RetinaNet,dataset/test/no_tumor/no1070.jpg,no_tumor,no_tumor,0.9999957084655762
RetinaNet,dataset/test/no_tumor/no1071.jpg,no_tumor,no_tumor,0.9999947547912598
RetinaNet,dataset/test/no_tumor/no1065.jpg,no_tumor,no_tumor,0.9999979734420776
RetinaNet,dataset/test/no_tumor/no1059.jpg,no_tumor,no_tumor,0.9999680519104004
RetinaNet,dataset/test/no_tumor/no1273.jpg,no_tumor,no_tumor,0.9999979734420776
RetinaNet,dataset/test/no_tumor/no1267.jpg,no_tumor,no_tumor,0.9986504912376404
RetinaNet,dataset/test/no_tumor/no1105.jpg,no_tumor,no_tumor,0.9998668432235718
RetinaNet,dataset/test/no_tumor/no1111.jpg,no_tumor,no_tumor,0.9999583959579468
RetinaNet,dataset/test/no_tumor/no1139.jpg,no_tumor,no_tumor,0.997105062007904
RetinaNet,dataset/test/no_tumor/no1176.jpg,no_tumor,no_tumor,0.9994691014289856
RetinaNet,dataset/test/no_tumor/no1162.jpg,no_tumor,no_tumor,0.9999819993972778
RetinaNet,dataset/test/no_tumor/no1189.jpg,no_tumor,no_tumor,0.9896334409713745
RetinaNet,dataset/test/no_tumor/no1200.jpg,no_tumor,no_tumor,0.9999910593032837
RetinaNet,dataset/test/no_tumor/no1214.jpg,no_tumor,no_tumor,0.9999837875366211
RetinaNet,dataset/test/no_tumor/no1228.jpg,no_tumor,no_tumor,0.9991922974586487
RetinaNet,dataset/test/no_tumor/no1229.jpg,no_tumor,no_tumor,0.9995096921920776
RetinaNet,dataset/test/no_tumor/no1215.jpg,no_tumor,no_tumor,0.9999630451202393
RetinaNet,dataset/test/no_tumor/no1201.jpg,no_tumor,no_tumor,0.9985016584396362
RetinaNet,dataset/test/no_tumor/no1188.jpg,no_tumor,no_tumor,0.9999743700027466
RetinaNet,dataset/test/no_tumor/no1163.jpg,no_tumor,no_tumor,0.9999659061431885
RetinaNet,dataset/test/no_tumor/no1177.jpg,no_tumor,no_tumor,0.9990785121917725
RetinaNet,dataset/test/no_tumor/no1161.jpg,no_tumor,no_tumor,0.9998987913131714
RetinaNet,dataset/test/no_tumor/no1175.jpg,no_tumor,no_tumor,0.9999493360519409
RetinaNet,dataset/test/no_tumor/no1149.jpg,no_tumor,no_tumor,0.9997362494468689
RetinaNet,dataset/test/no_tumor/no1217.jpg,no_tumor,no_tumor,0.9993896484375
RetinaNet,dataset/test/no_tumor/no1203.jpg,no_tumor,no_tumor,0.9991018772125244
RetinaNet,dataset/test/no_tumor/no1202.jpg,no_tumor,no_tumor,0.9979965090751648
RetinaNet,dataset/test/no_tumor/no1216.jpg,no_tumor,no_tumor,0.9998080134391785
RetinaNet,dataset/test/no_tumor/no1148.jpg,no_tumor,no_tumor,0.999984622001648
RetinaNet,dataset/test/no_tumor/no1174.jpg,no_tumor,no_tumor,0.9999979734420776
RetinaNet,dataset/test/no_tumor/no1160.jpg,no_tumor,no_tumor,0.9999654293060303
RetinaNet,dataset/test/no_tumor/no1158.jpg,no_tumor,no_tumor,0.999771773815155
RetinaNet,dataset/test/no_tumor/no1164.jpg,no_tumor,no_tumor,0.9645788073539734
RetinaNet,dataset/test/no_tumor/no1170.jpg,no_tumor,no_tumor,0.9999688863754272
RetinaNet,dataset/test/no_tumor/no1212.jpg,no_tumor,no_tumor,0.9999034404754639
RetinaNet,dataset/test/no_tumor/no1206.jpg,no_tumor,no_tumor,0.9996414184570312
RetinaNet,dataset/test/no_tumor/no1207.jpg,no_tumor,no_tumor,0.9999529123306274
RetinaNet,dataset/test/no_tumor/no1213.jpg,no_tumor,no_tumor,0.9999954700469971
RetinaNet,dataset/test/no_tumor/no1171.jpg,no_tumor,no_tumor,0.999703586101532
RetinaNet,dataset/test/no_tumor/no1165.jpg,no_tumor,no_tumor,0.98039311170578
RetinaNet,dataset/test/no_tumor/no1159.jpg,no_tumor,no_tumor,0.9983075857162476
RetinaNet,dataset/test/no_tumor/no1173.jpg,no_tumor,no_tumor,0.9970303773880005
RetinaNet,dataset/test/no_tumor/no1167.jpg,no_tumor,no_tumor,0.9989702701568604
RetinaNet,dataset/test/no_tumor/no1198.jpg,no_tumor,no_tumor,0.9957796335220337
RetinaNet,dataset/test/no_tumor/no1239.jpg,no_tumor,no_tumor,0.9992075562477112
RetinaNet,dataset/test/no_tumor/no1205.jpg,no_tumor,no_tumor,0.9998476505279541
RetinaNet,dataset/test/no_tumor/no1211.jpg,no_tumor,no_tumor,0.9883108139038086
RetinaNet,dataset/test/no_tumor/no1210.jpg,no_tumor,no_tumor,0.9993919134140015
RetinaNet,dataset/test/no_tumor/no1204.jpg,no_tumor,no_tumor,0.9997661709785461
RetinaNet,dataset/test/no_tumor/no1238.jpg,no_tumor,no_tumor,0.9981017708778381
RetinaNet,dataset/test/no_tumor/no1199.jpg,no_tumor,no_tumor,0.9994650483131409
RetinaNet,dataset/test/no_tumor/no1166.jpg,no_tumor,no_tumor,0.9998883008956909
RetinaNet,dataset/test/no_tumor/no1172.jpg,no_tumor,no_tumor,0.9999297857284546
RetinaNet,dataset/test/tumor/y1141.jpg,tumor,tumor,0.9999206066131592
RetinaNet,dataset/test/tumor/y1155.jpg,tumor,tumor,0.9992695450782776
RetinaNet,dataset/test/tumor/y1169.jpg,tumor,tumor,1.0
RetinaNet,dataset/test/tumor/y1182.jpg,tumor,tumor,0.999941349029541
RetinaNet,dataset/test/tumor/y1196.jpg,tumor,tumor,0.9999815225601196
RetinaNet,dataset/test/tumor/y1237.jpg,tumor,tumor,0.9891791343688965
RetinaNet,dataset/test/tumor/y1223.jpg,tumor,tumor,0.9999949932098389
RetinaNet,dataset/test/tumor/y1222.jpg,tumor,tumor,0.9999921321868896
RetinaNet,dataset/test/tumor/y1236.jpg,tumor,tumor,0.9982967972755432
RetinaNet,dataset/test/tumor/y1197.jpg,tumor,tumor,0.912143886089325
RetinaNet,dataset/test/tumor/y1183.jpg,tumor,tumor,0.9955429434776306
RetinaNet,dataset/test/tumor/y1168.jpg,tumor,tumor,0.9998617172241211
RetinaNet,dataset/test/tumor/y1154.jpg,tumor,tumor,0.9999755620956421
RetinaNet,dataset/test/tumor/y1140.jpg,tumor,tumor,0.9999978542327881
RetinaNet,dataset/test/tumor/y1156.jpg,tumor,tumor,0.9998555183410645
RetinaNet,dataset/test/tumor/y1142.jpg,tumor,tumor,1.0
RetinaNet,dataset/test/tumor/y1195.jpg,tumor,tumor,0.9738282561302185
RetinaNet,dataset/test/tumor/y1181.jpg,tumor,tumor,0.9999961853027344
RetinaNet,dataset/test/tumor/y1220.jpg,tumor,tumor,0.9992889165878296
RetinaNet,dataset/test/tumor/y1234.jpg,tumor,tumor,0.9999854564666748
RetinaNet,dataset/test/tumor/y1208.jpg,tumor,tumor,0.9999481439590454
RetinaNet,dataset/test/tumor/y1209.jpg,tumor,tumor,0.9998359680175781
RetinaNet,dataset/test/tumor/y1235.jpg,tumor,tumor,0.9999700784683228
RetinaNet,dataset/test/tumor/y1221.jpg,tumor,tumor,0.9971724152565002
RetinaNet,dataset/test/tumor/y1180.jpg,tumor,tumor,0.9999747276306152
RetinaNet,dataset/test/tumor/y1194.jpg,tumor,tumor,0.9999979734420776
RetinaNet,dataset/test/tumor/y1143.jpg,tumor,tumor,0.9999927282333374
RetinaNet,dataset/test/tumor/y1157.jpg,tumor,tumor,0.9999954700469971
RetinaNet,dataset/test/tumor/y1153.jpg,tumor,tumor,0.9999808073043823
RetinaNet,dataset/test/tumor/y1147.jpg,tumor,tumor,0.9999998807907104
RetinaNet,dataset/test/tumor/y1190.jpg,tumor,tumor,0.9976345300674438
RetinaNet,dataset/test/tumor/y1184.jpg,tumor,tumor,0.9983262419700623
RetinaNet,dataset/test/tumor/y1219.jpg,tumor,tumor,0.9993888139724731
RetinaNet,dataset/test/tumor/y1225.jpg,tumor,tumor,0.9999134540557861
RetinaNet,dataset/test/tumor/y1231.jpg,tumor,tumor,0.9977284073829651
RetinaNet,dataset/test/tumor/y1230.jpg,tumor,tumor,1.0
RetinaNet,dataset/test/tumor/y1224.jpg,tumor,tumor,0.9999970197677612
RetinaNet,dataset/test/tumor/y1218.jpg,tumor,tumor,0.9999960660934448
RetinaNet,dataset/test/tumor/y1185.jpg,tumor,tumor,1.0
RetinaNet,dataset/test/tumor/y1191.jpg,tumor,tumor,0.9999551773071289
RetinaNet,dataset/test/tumor/y1146.jpg,tumor,tumor,1.0
RetinaNet,dataset/test/tumor/y1152.jpg,tumor,tumor,1.0
RetinaNet,dataset/test/tumor/y1178.jpg,tumor,tumor,0.9999983310699463
RetinaNet,dataset/test/tumor/y1144.jpg,tumor,tumor,0.9999992847442627
RetinaNet,dataset/test/tumor/y1150.jpg,tumor,tumor,0.9999934434890747
RetinaNet,dataset/test/tumor/y1187.jpg,tumor,tumor,0.9999996423721313
RetinaNet,dataset/test/tumor/y1193.jpg,tumor,tumor,0.9914869070053101
RetinaNet,dataset/test/tumor/y1232.jpg,tumor,tumor,0.9999176263809204
RetinaNet,dataset/test/tumor/y1226.jpg,tumor,tumor,0.9548263549804688
RetinaNet,dataset/test/tumor/y1227.jpg,tumor,tumor,0.9999500513076782
RetinaNet,dataset/test/tumor/y1233.jpg,tumor,tumor,0.9982320666313171
RetinaNet,dataset/test/tumor/y1192.jpg,tumor,tumor,0.9998339414596558
RetinaNet,dataset/test/tumor/y1186.jpg,tumor,tumor,0.9999363422393799
RetinaNet,dataset/test/tumor/y1151.jpg,tumor,tumor,0.9152536392211914
RetinaNet,dataset/test/tumor/y1145.jpg,tumor,tumor,0.9999945163726807
RetinaNet,dataset/test/tumor/y1179.jpg,tumor,tumor,0.9612329602241516
RetinaNet,dataset/test/tumor/y1122.jpg,tumor,tumor,1.0
RetinaNet,dataset/test/tumor/y1136.jpg,tumor,tumor,0.9999284744262695
RetinaNet,dataset/test/tumor/y1056.jpg,tumor,tumor,0.9999983310699463
RetinaNet,dataset/test/tumor/y1095.jpg,tumor,tumor,1.0
RetinaNet,dataset/test/tumor/y1081.jpg,tumor,tumor,0.9999969005584717
RetinaNet,dataset/test/tumor/y1254.jpg,tumor,tumor,0.9948568344116211
RetinaNet,dataset/test/tumor/y1240.jpg,tumor,no_tumor,0.5169343948364258
RetinaNet,dataset/test/tumor/y1268.jpg,tumor,tumor,0.9754217863082886
RetinaNet,dataset/test/tumor/y1269.jpg,tumor,tumor,0.9999160766601562
RetinaNet,dataset/test/tumor/y1241.jpg,tumor,tumor,0.9988425374031067
RetinaNet,dataset/test/tumor/y1255.jpg,tumor,tumor,0.999995231628418
RetinaNet,dataset/test/tumor/y1080.jpg,tumor,tumor,0.9999505281448364
RetinaNet,dataset/test/tumor/y1094.jpg,tumor,tumor,1.0
RetinaNet,dataset/test/tumor/y1057.jpg,tumor,tumor,1.0
RetinaNet,dataset/test/tumor/y1137.jpg,tumor,tumor,0.999852180480957
RetinaNet,dataset/test/tumor/y1123.jpg,tumor,tumor,0.986315906047821
RetinaNet,dataset/test/tumor/y1135.jpg,tumor,tumor,0.9973301887512207
RetinaNet,dataset/test/tumor/y1121.jpg,tumor,tumor,1.0
RetinaNet,dataset/test/tumor/y1109.jpg,tumor,tumor,0.9992485642433167
RetinaNet,dataset/test/tumor/y1055.jpg,tumor,tumor,0.995911717414856
RetinaNet,dataset/test/tumor/y1069.jpg,tumor,tumor,0.9999998807907104
RetinaNet,dataset/test/tumor/y1082.jpg,tumor,tumor,0.9999880790710449
RetinaNet,dataset/test/tumor/y1096.jpg,tumor,tumor,0.986296534538269
RetinaNet,dataset/test/tumor/y1243.jpg,tumor,tumor,0.9999996423721313
RetinaNet,dataset/test/tumor/y1257.jpg,tumor,tumor,0.9999984502792358
RetinaNet,dataset/test/tumor/y1256.jpg,tumor,tumor,0.9999212026596069
RetinaNet,dataset/test/tumor/y1242.jpg,tumor,tumor,0.9999711513519287
RetinaNet,dataset/test/tumor/y1097.jpg,tumor,tumor,1.0
RetinaNet,dataset/test/tumor/y1083.jpg,tumor,tumor,1.0
RetinaNet,dataset/test/tumor/y1068.jpg,tumor,tumor,0.9999963045120239
RetinaNet,dataset/test/tumor/y1054.jpg,tumor,tumor,0.9999958276748657
RetinaNet,dataset/test/tumor/y1108.jpg,tumor,tumor,0.9999996423721313
RetinaNet,dataset/test/tumor/y1120.jpg,tumor,tumor,0.9999653100967407
RetinaNet,dataset/test/tumor/y1134.jpg,tumor,tumor,0.9999985694885254
RetinaNet,dataset/test/tumor/y1118.jpg,tumor,tumor,0.9995883107185364
RetinaNet,dataset/test/tumor/y1130.jpg,tumor,tumor,0.9942359328269958
RetinaNet,dataset/test/tumor/y1124.jpg,tumor,tumor,0.9994680285453796
RetinaNet,dataset/test/tumor/y1078.jpg,tumor,tumor,0.9999990463256836
RetinaNet,dataset/test/tumor/y1087.jpg,tumor,tumor,1.0
RetinaNet,dataset/test/tumor/y1093.jpg,tumor,tumor,0.9747034907341003
RetinaNet,dataset/test/tumor/y1246.jpg,tumor,tumor,1.0
RetinaNet,dataset/test/tumor/y1252.jpg,tumor,tumor,0.9999998807907104
RetinaNet,dataset/test/tumor/y1253.jpg,tumor,tumor,0.9999982118606567
RetinaNet,dataset/test/tumor/y1247.jpg,tumor,tumor,0.9999998807907104
RetinaNet,dataset/test/tumor/y1092.jpg,tumor,tumor,0.9998530149459839
RetinaNet,dataset/test/tumor/y1086.jpg,tumor,tumor,0.9999003410339355
RetinaNet,dataset/test/tumor/y1051.jpg,tumor,tumor,0.9999995231628418
RetinaNet,dataset/test/tumor/y1079.jpg,tumor,tumor,0.999160885810852
RetinaNet,dataset/test/tumor/y1125.jpg,tumor,tumor,0.9999752044677734
RetinaNet,dataset/test/tumor/y1131.jpg,tumor,tumor,0.9999879598617554
RetinaNet,dataset/test/tumor/y1119.jpg,tumor,tumor,1.0
RetinaNet,dataset/test/tumor/y1127.jpg,tumor,tumor,0.999976396560669
RetinaNet,dataset/test/tumor/y1133.jpg,tumor,tumor,0.9998106360435486
RetinaNet,dataset/test/tumor/y1053.jpg,tumor,tumor,1.0
RetinaNet,dataset/test/tumor/y1090.jpg,tumor,tumor,0.9984660148620605
RetinaNet,dataset/test/tumor/y1084.jpg,tumor,tumor,0.9997954964637756
RetinaNet,dataset/test/tumor/y1251.jpg,tumor,no_tumor,0.775282084941864
RetinaNet,dataset/test/tumor/y1245.jpg,tumor,no_tumor,0.8323554396629333
RetinaNet,dataset/test/tumor/y1244.jpg,tumor,tumor,0.9999887943267822
RetinaNet,dataset/test/tumor/y1250.jpg,tumor,tumor,0.9999994039535522
RetinaNet,dataset/test/tumor/y1085.jpg,tumor,tumor,0.9999998807907104
RetinaNet,dataset/test/tumor/y1091.jpg,tumor,tumor,0.9999983310699463
RetinaNet,dataset/test/tumor/y1052.jpg,tumor,tumor,0.9926590323448181
RetinaNet,dataset/test/tumor/y1132.jpg,tumor,tumor,0.9999974966049194
RetinaNet,dataset/test/tumor/y1126.jpg,tumor,tumor,0.9999988079071045
RetinaNet,dataset/test/tumor/y1103.jpg,tumor,tumor,0.9999997615814209
RetinaNet,dataset/test/tumor/y1117.jpg,tumor,tumor,0.9999998807907104
RetinaNet,dataset/test/tumor/y1077.jpg,tumor,tumor,0.9999665021896362
RetinaNet,dataset/test/tumor/y1063.jpg,tumor,tumor,0.9839940071105957
RetinaNet,dataset/test/tumor/y1088.jpg,tumor,tumor,0.9975677132606506
RetinaNet,dataset/test/tumor/y1275.jpg,tumor,tumor,0.9999901056289673
RetinaNet,dataset/test/tumor/y1261.jpg,tumor,tumor,0.9999992847442627
RetinaNet,dataset/test/tumor/y1249.jpg,tumor,tumor,0.9961720108985901
RetinaNet,dataset/test/tumor/y1248.jpg,tumor,tumor,1.0
RetinaNet,dataset/test/tumor/y1260.jpg,tumor,tumor,1.0
RetinaNet,dataset/test/tumor/y1274.jpg,tumor,tumor,0.9999992847442627
RetinaNet,dataset/test/tumor/y1089.jpg,tumor,tumor,1.0
RetinaNet,dataset/test/tumor/y1062.jpg,tumor,tumor,0.9999997615814209
RetinaNet,dataset/test/tumor/y1076.jpg,tumor,tumor,0.9998624324798584
RetinaNet,dataset/test/tumor/y1116.jpg,tumor,tumor,0.9998446702957153
RetinaNet,dataset/test/tumor/y1102.jpg,tumor,tumor,0.9488847255706787
RetinaNet,dataset/test/tumor/y1114.jpg,tumor,tumor,0.998224675655365
RetinaNet,dataset/test/tumor/y1100.jpg,tumor,tumor,0.999523401260376
RetinaNet,dataset/test/tumor/y1128.jpg,tumor,tumor,0.9999991655349731
RetinaNet,dataset/test/tumor/y1060.jpg,tumor,tumor,0.9999972581863403
RetinaNet,dataset/test/tumor/y1074.jpg,tumor,tumor,0.999861478805542
RetinaNet,dataset/test/tumor/y1262.jpg,tumor,tumor,0.9999146461486816
RetinaNet,dataset/test/tumor/y1263.jpg,tumor,tumor,0.9995287656784058
RetinaNet,dataset/test/tumor/y1075.jpg,tumor,tumor,1.0
RetinaNet,dataset/test/tumor/y1061.jpg,tumor,tumor,0.9999998807907104
RetinaNet,dataset/test/tumor/y1129.jpg,tumor,tumor,0.9999990463256836
RetinaNet,dataset/test/tumor/y1101.jpg,tumor,tumor,0.9962933659553528
RetinaNet,dataset/test/tumor/y1115.jpg,tumor,tumor,0.9999701976776123
RetinaNet,dataset/test/tumor/y1139.jpg,tumor,tumor,0.9837592840194702
RetinaNet,dataset/test/tumor/y1111.jpg,tumor,tumor,0.9999366998672485
RetinaNet,dataset/test/tumor/y1105.jpg,tumor,tumor,0.9999881982803345
RetinaNet,dataset/test/tumor/y1059.jpg,tumor,tumor,1.0
RetinaNet,dataset/test/tumor/y1065.jpg,tumor,tumor,0.9999998807907104
RetinaNet,dataset/test/tumor/y1071.jpg,tumor,tumor,0.9999368190765381
RetinaNet,dataset/test/tumor/y1267.jpg,tumor,tumor,0.9999880790710449
RetinaNet,dataset/test/tumor/y1273.jpg,tumor,tumor,0.9999998807907104
RetinaNet,dataset/test/tumor/y1272.jpg,tumor,tumor,1.0
RetinaNet,dataset/test/tumor/y1266.jpg,tumor,tumor,0.9999986886978149
RetinaNet,dataset/test/tumor/y1070.jpg,tumor,tumor,0.9999912977218628
RetinaNet,dataset/test/tumor/y1064.jpg,tumor,tumor,0.9999816417694092
RetinaNet,dataset/test/tumor/y1058.jpg,tumor,tumor,1.0
RetinaNet,dataset/test/tumor/y1104.jpg,tumor,tumor,0.9958688020706177
RetinaNet,dataset/test/tumor/y1110.jpg,tumor,tumor,0.9818586111068726
RetinaNet,dataset/test/tumor/y1138.jpg,tumor,tumor,0.9999113082885742
RetinaNet,dataset/test/tumor/y1106.jpg,tumor,tumor,0.999996542930603
RetinaNet,dataset/test/tumor/y1112.jpg,tumor,tumor,0.842334508895874
RetinaNet,dataset/test/tumor/y1072.jpg,tumor,tumor,0.9999996423721313
RetinaNet,dataset/test/tumor/y1066.jpg,tumor,tumor,1.0
RetinaNet,dataset/test/tumor/y1099.jpg,tumor,tumor,0.9999995231628418
RetinaNet,dataset/test/tumor/y1258.jpg,tumor,tumor,0.9999997615814209
RetinaNet,dataset/test/tumor/y1270.jpg,tumor,tumor,0.999990701675415
RetinaNet,dataset/test/tumor/y1264.jpg,tumor,tumor,0.9999979734420776
RetinaNet,dataset/test/tumor/y1265.jpg,tumor,tumor,0.999117910861969
RetinaNet,dataset/test/tumor/y1271.jpg,tumor,tumor,0.9999998807907104
RetinaNet,dataset/test/tumor/y1259.jpg,tumor,tumor,0.9999996423721313
RetinaNet,dataset/test/tumor/y1098.jpg,tumor,tumor,0.9999992847442627
RetinaNet,dataset/test/tumor/y1067.jpg,tumor,tumor,0.99561607837677
RetinaNet,dataset/test/tumor/y1073.jpg,tumor,tumor,0.9999841451644897
RetinaNet,dataset/test/tumor/y1113.jpg,tumor,tumor,0.9994589686393738
RetinaNet,dataset/test/tumor/y1107.jpg,tumor,tumor,0.9995881915092468
RetinaNet,dataset/test/tumor/y1160.jpg,tumor,tumor,0.9999998807907104
RetinaNet,dataset/test/tumor/y1174.jpg,tumor,tumor,0.9994827508926392
RetinaNet,dataset/test/tumor/y1148.jpg,tumor,tumor,0.999998927116394
RetinaNet,dataset/test/tumor/y1216.jpg,tumor,tumor,0.9992918968200684
RetinaNet,dataset/test/tumor/y1202.jpg,tumor,tumor,0.9638034701347351
RetinaNet,dataset/test/tumor/y1203.jpg,tumor,tumor,0.9999973773956299
RetinaNet,dataset/test/tumor/y1217.jpg,tumor,tumor,0.999996542930603
RetinaNet,dataset/test/tumor/y1149.jpg,tumor,tumor,1.0
RetinaNet,dataset/test/tumor/y1175.jpg,tumor,tumor,1.0
RetinaNet,dataset/test/tumor/y1161.jpg,tumor,tumor,0.9999902248382568
RetinaNet,dataset/test/tumor/y1177.jpg,tumor,tumor,0.9999752044677734
RetinaNet,dataset/test/tumor/y1163.jpg,tumor,tumor,1.0
RetinaNet,dataset/test/tumor/y1188.jpg,tumor,tumor,0.9962648749351501
RetinaNet,dataset/test/tumor/y1201.jpg,tumor,tumor,0.9998064637184143
RetinaNet,dataset/test/tumor/y1215.jpg,tumor,tumor,0.9998916387557983
RetinaNet,dataset/test/tumor/y1229.jpg,tumor,tumor,0.9999865293502808
RetinaNet,dataset/test/tumor/y1228.jpg,tumor,tumor,0.9999878406524658
RetinaNet,dataset/test/tumor/y1214.jpg,tumor,tumor,0.9998358488082886
RetinaNet,dataset/test/tumor/y1200.jpg,tumor,tumor,0.9991650581359863
RetinaNet,dataset/test/tumor/y1189.jpg,tumor,tumor,0.9999279975891113
RetinaNet,dataset/test/tumor/y1162.jpg,tumor,tumor,0.9995871186256409
RetinaNet,dataset/test/tumor/y1176.jpg,tumor,tumor,0.9979131817817688
RetinaNet,dataset/test/tumor/y1172.jpg,tumor,tumor,0.9996212720870972
RetinaNet,dataset/test/tumor/y1166.jpg,tumor,tumor,1.0
RetinaNet,dataset/test/tumor/y1199.jpg,tumor,tumor,0.9999873638153076
RetinaNet,dataset/test/tumor/y1238.jpg,tumor,tumor,0.9999991655349731
RetinaNet,dataset/test/tumor/y1204.jpg,tumor,tumor,0.7071408629417419
RetinaNet,dataset/test/tumor/y1210.jpg,tumor,no_tumor,0.9954773783683777
RetinaNet,dataset/test/tumor/y1211.jpg,tumor,tumor,0.9982985854148865
RetinaNet,dataset/test/tumor/y1205.jpg,tumor,tumor,0.9999971389770508
RetinaNet,dataset/test/tumor/y1239.jpg,tumor,tumor,0.9999687671661377
RetinaNet,dataset/test/tumor/y1198.jpg,tumor,tumor,0.9999984502792358
RetinaNet,dataset/test/tumor/y1167.jpg,tumor,tumor,0.9333372116088867
RetinaNet,dataset/test/tumor/y1173.jpg,tumor,tumor,0.999934196472168
RetinaNet,dataset/test/tumor/y1159.jpg,tumor,tumor,1.0
RetinaNet,dataset/test/tumor/y1165.jpg,tumor,tumor,0.9999979734420776
RetinaNet,dataset/test/tumor/y1171.jpg,tumor,tumor,0.9999969005584717
RetinaNet,dataset/test/tumor/y1213.jpg,tumor,tumor,0.9999651908874512
RetinaNet,dataset/test/tumor/y1207.jpg,tumor,tumor,0.9999998807907104
RetinaNet,dataset/test/tumor/y1206.jpg,tumor,tumor,0.9996210336685181
RetinaNet,dataset/test/tumor/y1212.jpg,tumor,tumor,0.9998313188552856
RetinaNet,dataset/test/tumor/y1170.jpg,tumor,tumor,0.9999978542327881
RetinaNet,dataset/test/tumor/y1164.jpg,tumor,tumor,0.9822127819061279
RetinaNet,dataset/test/tumor/y1158.jpg,tumor,tumor,1.0
SSD-MobileNet,dataset/test/no_tumor/no1157.jpg,no_tumor,no_tumor,0.9999818801879883
SSD-MobileNet,dataset/test/no_tumor/no1143.jpg,no_tumor,no_tumor,0.9999903440475464
SSD-MobileNet,dataset/test/no_tumor/no1194.jpg,no_tumor,no_tumor,0.9999996423721313
SSD-MobileNet,dataset/test/no_tumor/no1180.jpg,no_tumor,no_tumor,0.9999932050704956
SSD-MobileNet,dataset/test/no_tumor/no1221.jpg,no_tumor,no_tumor,0.9999986886978149
SSD-MobileNet,dataset/test/no_tumor/no1235.jpg,no_tumor,no_tumor,0.9999058246612549
SSD-MobileNet,dataset/test/no_tumor/no1209.jpg,no_tumor,no_tumor,1.0
SSD-MobileNet,dataset/test/no_tumor/no1208.jpg,no_tumor,no_tumor,0.9999645948410034
SSD-MobileNet,dataset/test/no_tumor/no1234.jpg,no_tumor,no_tumor,0.9999992847442627
SSD-MobileNet,dataset/test/no_tumor/no1220.jpg,no_tumor,no_tumor,0.9999923706054688
SSD-MobileNet,dataset/test/no_tumor/no1181.jpg,no_tumor,no_tumor,0.999998927116394
SSD-MobileNet,dataset/test/no_tumor/no1195.jpg,no_tumor,no_tumor,0.9986438155174255
SSD-MobileNet,dataset/test/no_tumor/no1142.jpg,no_tumor,no_tumor,0.9980413913726807
SSD-MobileNet,dataset/test/no_tumor/no1156.jpg,no_tumor,no_tumor,0.9999972581863403
SSD-MobileNet,dataset/test/no_tumor/no1140.jpg,no_tumor,no_tumor,0.9685649275779724
SSD-MobileNet,dataset/test/no_tumor/no1154.jpg,no_tumor,no_tumor,0.9999959468841553
SSD-MobileNet,dataset/test/no_tumor/no1168.jpg,no_tumor,no_tumor,0.9999985694885254
SSD-MobileNet,dataset/test/no_tumor/no1183.jpg,no_tumor,no_tumor,0.8981572389602661
SSD-MobileNet,dataset/test/no_tumor/no1197.jpg,no_tumor,no_tumor,0.9941920638084412
SSD-MobileNet,dataset/test/no_tumor/no1236.jpg,no_tumor,no_tumor,0.9999985694885254
SSD-MobileNet,dataset/test/no_tumor/no1222.jpg,no_tumor,no_tumor,1.0
SSD-MobileNet,dataset/test/no_tumor/no1223.jpg,no_tumor,no_tumor,0.9496299028396606
SSD-MobileNet,dataset/test/no_tumor/no1237.jpg,no_tumor,no_tumor,0.9999674558639526
SSD-MobileNet,dataset/test/no_tumor/no1196.jpg,no_tumor,no_tumor,0.9999998807907104
SSD-MobileNet,dataset/test/no_tumor/no1182.jpg,no_tumor,no_tumor,0.9994602799415588
SSD-MobileNet,dataset/test/no_tumor/no1169.jpg,no_tumor,no_tumor,0.9639642834663391
SSD-MobileNet,dataset/test/no_tumor/no1155.jpg,no_tumor,no_tumor,0.9995225667953491
SSD-MobileNet,dataset/test/no_tumor/no1141.jpg,no_tumor,no_tumor,0.9999548196792603
SSD-MobileNet,dataset/test/no_tumor/no1179.jpg,no_tumor,no_tumor,0.9999982118606567
SSD-MobileNet,dataset/test/no_tumor/no1145.jpg,no_tumor,no_tumor,0.9999805688858032
SSD-MobileNet,dataset/test/no_tumor/no1151.jpg,no_tumor,no_tumor,0.9999996423721313
SSD-MobileNet,dataset/test/no_tumor/no1186.jpg,no_tumor,no_tumor,0.9882338047027588
SSD-MobileNet,dataset/test/no_tumor/no1192.jpg,no_tumor,no_tumor,0.999988317489624
SSD-MobileNet,dataset/test/no_tumor/no1233.jpg,no_tumor,no_tumor,0.9999996423721313
SSD-MobileNet,dataset/test/no_tumor/no1227.jpg,no_tumor,no_tumor,1.0
SSD-MobileNet,dataset/test/no_tumor/no1226.jpg,no_tumor,no_tumor,0.9999779462814331
SSD-MobileNet,dataset/test/no_tumor/no1232.jpg,no_tumor,no_tumor,0.9995507597923279
SSD-MobileNet,dataset/test/no_tumor/no1193.jpg,no_tumor,no_tumor,0.9999992847442627
SSD-MobileNet,dataset/test/no_tumor/no1187.jpg,no_tumor,no_tumor,0.9999934434890747
SSD-MobileNet,dataset/test/no_tumor/no1150.jpg,no_tumor,no_tumor,0.9999597072601318
SSD-MobileNet,dataset/test/no_tumor/no1144.jpg,no_tumor,no_tumor,0.999983549118042
SSD-MobileNet,dataset/test/no_tumor/no1178.jpg,no_tumor,no_tumor,0.9999366998672485
SSD-MobileNet,dataset/test/no_tumor/no1152.jpg,no_tumor,no_tumor,0.9999842643737793
SSD-MobileNet,dataset/test/no_tumor/no1146.jpg,no_tumor,no_tumor,0.9999982118606567
SSD-MobileNet,dataset/test/no_tumor/no1191.jpg,no_tumor,no_tumor,1.0
SSD-MobileNet,dataset/test/no_tumor/no1185.jpg,no_tumor,no_tumor,0.9995144605636597
SSD-MobileNet,dataset/test/no_tumor/no1218.jpg,no_tumor,no_tumor,0.9999979734420776
SSD-MobileNet,dataset/test/no_tumor/no1224.jpg,no_tumor,no_tumor,0.9997319579124451
SSD-MobileNet,dataset/test/no_tumor/no1230.jpg,no_tumor,no_tumor,1.0
SSD-MobileNet,dataset/test/no_tumor/no1231.jpg,no_tumor,no_tumor,1.0
SSD-MobileNet,dataset/test/no_tumor/no1225.jpg,no_tumor,no_tumor,0.9972911477088928
SSD-MobileNet,dataset/test/no_tumor/no1219.jpg,no_tumor,no_tumor,0.9987456798553467
SSD-MobileNet,dataset/test/no_tumor/no1184.jpg,no_tumor,no_tumor,0.9999998807907104
SSD-MobileNet,dataset/test/no_tumor/no1190.jpg,no_tumor,no_tumor,0.9999986886978149
SSD-MobileNet,dataset/test/no_tumor/no1147.jpg,no_tumor,no_tumor,0.9999721050262451
SSD-MobileNet,dataset/test/no_tumor/no1153.jpg,no_tumor,no_tumor,0.9999872446060181
SSD-MobileNet,dataset/test/no_tumor/no1134.jpg,no_tumor,no_tumor,0.9998032450675964
SSD-MobileNet,dataset/test/no_tumor/no1120.jpg,no_tumor,no_tumor,0.9999994039535522
SSD-MobileNet,dataset/test/no_tumor/no1108.jpg,no_tumor,no_tumor,0.999975323677063
SSD-MobileNet,dataset/test/no_tumor/no1242.jpg,no_tumor,no_tumor,0.9999998807907104
SSD-MobileNet,dataset/test/no_tumor/no1256.jpg,no_tumor,no_tumor,0.9996745586395264
SSD-MobileNet,dataset/test/no_tumor/no1054.jpg,no_tumor,no_tumor,0.9982938170433044
SSD-MobileNet,dataset/test/no_tumor/no1068.jpg,no_tumor,no_tumor,0.9998873472213745
SSD-MobileNet,dataset/test/no_tumor/no1083.jpg,no_tumor,no_tumor,0.9999819993972778
SSD-MobileNet,dataset/test/no_tumor/no1097.jpg,no_tumor,no_tumor,0.9999980926513672
SSD-MobileNet,dataset/test/no_tumor/no1096.jpg,no_tumor,no_tumor,0.9999994039535522
SSD-MobileNet,dataset/test/no_tumor/no1082.jpg,no_tumor,no_tumor,0.999680757522583
SSD-MobileNet,dataset/test/no_tumor/no1069.jpg,no_tumor,no_tumor,0.9999963045120239
SSD-MobileNet,dataset/test/no_tumor/no1055.jpg,no_tumor,no_tumor,0.9999197721481323
SSD-MobileNet,dataset/test/no_tumor/no1257.jpg,no_tumor,no_tumor,0.9998483657836914
SSD-MobileNet,dataset/test/no_tumor/no1243.jpg,no_tumor,no_tumor,0.9999992847442627
SSD-MobileNet,dataset/test/no_tumor/no1109.jpg,no_tumor,no_tumor,0.9999980926513672
SSD-MobileNet,dataset/test/no_tumor/no1121.jpg,no_tumor,no_tumor,0.995610773563385
SSD-MobileNet,dataset/test/no_tumor/no1135.jpg,no_tumor,no_tumor,0.9999841451644897
SSD-MobileNet,dataset/test/no_tumor/no1123.jpg,no_tumor,no_tumor,0.9993237257003784
SSD-MobileNet,dataset/test/no_tumor/no1137.jpg,no_tumor,no_tumor,0.9999719858169556
SSD-MobileNet,dataset/test/no_tumor/no1255.jpg,no_tumor,no_tumor,0.9999926090240479
SSD-MobileNet,dataset/test/no_tumor/no1241.jpg,no_tumor,no_tumor,0.9999566078186035
SSD-MobileNet,dataset/test/no_tumor/no1269.jpg,no_tumor,no_tumor,0.9999998807907104
SSD-MobileNet,dataset/test/no_tumor/no1057.jpg,no_tumor,no_tumor,0.9999575614929199
SSD-MobileNet,dataset/test/no_tumor/no1094.jpg,no_tumor,no_tumor,0.9993589520454407
SSD-MobileNet,dataset/test/no_tumor/no1080.jpg,no_tumor,no_tumor,0.9928073883056641
SSD-MobileNet,dataset/test/no_tumor/no1081.jpg,no_tumor,no_tumor,0.9995373487472534
SSD-MobileNet,dataset/test/no_tumor/no1095.jpg,no_tumor,no_tumor,0.9999184608459473
SSD-MobileNet,dataset/test/no_tumor/no1056.jpg,no_tumor,no_tumor,0.9999990463256836
SSD-MobileNet,dataset/test/no_tumor/no1268.jpg,no_tumor,no_tumor,0.999994158744812
SSD-MobileNet,dataset/test/no_tumor/no1240.jpg,no_tumor,no_tumor,0.9999841451644897
SSD-MobileNet,dataset/test/no_tumor/no1254.jpg,no_tumor,no_tumor,0.9977713823318481
SSD-MobileNet,dataset/test/no_tumor/no1136.jpg,no_tumor,no_tumor,0.9999994039535522
SSD-MobileNet,dataset/test/no_tumor/no1122.jpg,no_tumor,no_tumor,0.9978645443916321
SSD-MobileNet,dataset/test/no_tumor/no1126.jpg,no_tumor,no_tumor,0.9999963045120239
SSD-MobileNet,dataset/test/no_tumor/no1132.jpg,no_tumor,no_tumor,0.999997615814209
SSD-MobileNet,dataset/test/no_tumor/no1250.jpg,no_tumor,no_tumor,0.9999988079071045
SSD-MobileNet,dataset/test/no_tumor/no1244.jpg,no_tumor,no_tumor,0.9999996423721313
SSD-MobileNet,dataset/test/no_tumor/no1052.jpg,no_tumor,no_tumor,0.9999198913574219
SSD-MobileNet,dataset/test/no_tumor/no1091.jpg,no_tumor,no_tumor,0.9999886751174927
SSD-MobileNet,dataset/test/no_tumor/no1085.jpg,no_tumor,no_tumor,0.9999983310699463
SSD-MobileNet,dataset/test/no_tumor/no1084.jpg,no_tumor,no_tumor,0.9999523162841797
SSD-MobileNet,dataset/test/no_tumor/no1090.jpg,no_tumor,no_tumor,0.9999996423721313
SSD-MobileNet,dataset/test/no_tumor/no1053.jpg,no_tumor,no_tumor,0.999998927116394
SSD-MobileNet,dataset/test/no_tumor/no1245.jpg,no_tumor,no_tumor,0.9999994039535522
SSD-MobileNet,dataset/test/no_tumor/no1251.jpg,no_tumor,no_tumor,0.9999990463256836
SSD-MobileNet,dataset/test/no_tumor/no1133.jpg,no_tumor,no_tumor,0.9991369843482971
SSD-MobileNet,dataset/test/no_tumor/no1127.jpg,no_tumor,no_tumor,0.9999984502792358
SSD-MobileNet,dataset/test/no_tumor/no1119.jpg,no_tumor,no_tumor,0.9999754428863525
SSD-MobileNet,dataset/test/no_tumor/no1131.jpg,no_tumor,no_tumor,1.0
SSD-MobileNet,dataset/test/no_tumor/no1125.jpg,no_tumor,no_tumor,0.9999994039535522
SSD-MobileNet,dataset/test/no_tumor/no1247.jpg,no_tumor,no_tumor,0.9999996423721313
SSD-MobileNet,dataset/test/no_tumor/no1253.jpg,no_tumor,no_tumor,0.9999959468841553
SSD-MobileNet,dataset/test/no_tumor/no1079.jpg,no_tumor,no_tumor,0.9999984502792358
SSD-MobileNet,dataset/test/no_tumor/no1051.jpg,no_tumor,no_tumor,0.9999872446060181
SSD-MobileNet,dataset/test/no_tumor/no1086.jpg,no_tumor,no_tumor,0.9999953508377075
SSD-MobileNet,dataset/test/no_tumor/no1092.jpg,no_tumor,no_tumor,0.9996248483657837
SSD-MobileNet,dataset/test/no_tumor/no1093.jpg,no_tumor,no_tumor,0.9999991655349731
SSD-MobileNet,dataset/test/no_tumor/no1087.jpg,no_tumor,no_tumor,0.9999998807907104
SSD-MobileNet,dataset/test/no_tumor/no1078.jpg,no_tumor,no_tumor,0.9999985694885254
SSD-MobileNet,dataset/test/no_tumor/no1252.jpg,no_tumor,no_tumor,0.9959748387336731
SSD-MobileNet,dataset/test/no_tumor/no1246.jpg,no_tumor,no_tumor,0.9999998807907104
SSD-MobileNet,dataset/test/no_tumor/no1124.jpg,no_tumor,no_tumor,0.9999923706054688
SSD-MobileNet,dataset/test/no_tumor/no1130.jpg,no_tumor,no_tumor,0.9992314577102661
SSD-MobileNet,dataset/test/no_tumor/no1118.jpg,no_tumor,no_tumor,0.990605890750885
SSD-MobileNet,dataset/test/no_tumor/no1115.jpg,no_tumor,no_tumor,1.0
SSD-MobileNet,dataset/test/no_tumor/no1101.jpg,no_tumor,no_tumor,0.9999626874923706
SSD-MobileNet,dataset/test/no_tumor/no1129.jpg,no_tumor,no_tumor,0.9999908208847046
SSD-MobileNet,dataset/test/no_tumor/no1263.jpg,no_tumor,no_tumor,0.9999691247940063
SSD-MobileNet,dataset/test/no_tumor/no1061.jpg,no_tumor,no_tumor,0.9999935626983643
SSD-MobileNet,dataset/test/no_tumor/no1075.jpg,no_tumor,no_tumor,0.9999797344207764
SSD-MobileNet,dataset/test/no_tumor/no1074.jpg,no_tumor,no_tumor,0.9995167255401611
SSD-MobileNet,dataset/test/no_tumor/no1060.jpg,no_tumor,no_tumor,0.9999997615814209
SSD-MobileNet,dataset/test/no_tumor/no1262.jpg,no_tumor,no_tumor,0.9999185800552368
SSD-MobileNet,dataset/test/no_tumor/no1128.jpg,no_tumor,no_tumor,0.9980156421661377
SSD-MobileNet,dataset/test/no_tumor/no1100.jpg,no_tumor,no_tumor,0.9999293088912964
SSD-MobileNet,dataset/test/no_tumor/no1114.jpg,no_tumor,no_tumor,0.9999955892562866
SSD-MobileNet,dataset/test/no_tumor/no1102.jpg,no_tumor,no_tumor,0.9993640780448914
SSD-MobileNet,dataset/test/no_tumor/no1116.jpg,no_tumor,no_tumor,0.9999921321868896
SSD-MobileNet,dataset/test/no_tumor/no1274.jpg,no_tumor,no_tumor,0.9999736547470093
SSD-MobileNet,dataset/test/no_tumor/no1260.jpg,no_tumor,no_tumor,0.9999996423721313
SSD-MobileNet,dataset/test/no_tumor/no1248.jpg,no_tumor,no_tumor,0.9999333620071411
SSD-MobileNet,dataset/test/no_tumor/no1076.jpg,no_tumor,no_tumor,0.9999998807907104
SSD-MobileNet,dataset/test/no_tumor/no1062.jpg,no_tumor,no_tumor,0.9993146657943726
SSD-MobileNet,dataset/test/no_tumor/no1089.jpg,no_tumor,no_tumor,0.9966859221458435
SSD-MobileNet,dataset/test/no_tumor/no1088.jpg,no_tumor,no_tumor,0.9998525381088257
SSD-MobileNet,dataset/test/no_tumor/no1063.jpg,no_tumor,no_tumor,0.9999805688858032
SSD-MobileNet,dataset/test/no_tumor/no1077.jpg,no_tumor,no_tumor,0.9999998807907104
SSD-MobileNet,dataset/test/no_tumor/no1249.jpg,no_tumor,no_tumor,0.9999545812606812
SSD-MobileNet,dataset/test/no_tumor/no1261.jpg,no_tumor,no_tumor,0.9999970197677612
SSD-MobileNet,dataset/test/no_tumor/no1275.jpg,no_tumor,no_tumor,0.9999973773956299
SSD-MobileNet,dataset/test/no_tumor/no1117.jpg,no_tumor,no_tumor,0.9999997615814209
SSD-MobileNet,dataset/test/no_tumor/no1103.jpg,no_tumor,no_tumor,0.9994034767150879
SSD-MobileNet,dataset/test/no_tumor/no1107.jpg,no_tumor,no_tumor,0.9999696016311646
SSD-MobileNet,dataset/test/no_tumor/no1113.jpg,no_tumor,no_tumor,0.9996968507766724
SSD-MobileNet,dataset/test/no_tumor/no1259.jpg,no_tumor,no_tumor,0.9999988079071045
SSD-MobileNet,dataset/test/no_tumor/no1271.jpg,no_tumor,no_tumor,0.9999997615814209
SSD-MobileNet,dataset/test/no_tumor/no1265.jpg,no_tumor,no_tumor,0.9999701976776123
SSD-MobileNet,dataset/test/no_tumor/no1073.jpg,no_tumor,no_tumor,0.9999957084655762
SSD-MobileNet,dataset/test/no_tumor/no1067.jpg,no_tumor,no_tumor,0.9999998807907104
SSD-MobileNet,dataset/test/no_tumor/no1098.jpg,no_tumor,no_tumor,1.0
SSD-MobileNet,dataset/test/no_tumor/no1099.jpg,no_tumor,no_tumor,0.9903638958930969
SSD-MobileNet,dataset/test/no_tumor/no1066.jpg,no_tumor,no_tumor,0.9999974966049194
SSD-MobileNet,dataset/test/no_tumor/no1072.jpg,no_tumor,no_tumor,0.9999991655349731
SSD-MobileNet,dataset/test/no_tumor/no1264.jpg,no_tumor,no_tumor,0.9999998807907104
SSD-MobileNet,dataset/test/no_tumor/no1270.jpg,no_tumor,no_tumor,0.9998377561569214
SSD-MobileNet,dataset/test/no_tumor/no1258.jpg,no_tumor,no_tumor,0.9999932050704956
SSD-MobileNet,dataset/test/no_tumor/no1112.jpg,no_tumor,no_tumor,0.9999608993530273
SSD-MobileNet,dataset/test/no_tumor/no1106.jpg,no_tumor,no_tumor,0.999993085861206
SSD-MobileNet,dataset/test/no_tumor/no1138.jpg,no_tumor,no_tumor,0.99871826171875
SSD-MobileNet,dataset/test/no_tumor/no1110.jpg,no_tumor,no_tumor,0.9999794960021973
SSD-MobileNet,dataset/test/no_tumor/no1104.jpg,no_tumor,no_tumor,0.9998056292533875
SSD-MobileNet,dataset/test/no_tumor/no1266.jpg,no_tumor,no_tumor,0.9999992847442627
SSD-MobileNet,dataset/test/no_tumor/no1272.jpg,no_tumor,no_tumor,0.9999978542327881
SSD-MobileNet,dataset/test/no_tumor/no1058.jpg,no_tumor,no_tumor,0.9999887943267822
SSD-MobileNet,dataset/test/no_tumor/no1064.jpg,no_tumor,no_tumor,0.9999994039535522
SSD-MobileNet,dataset/test/no_tumor/no1070.jpg,no_tumor,no_tumor,0.9999983310699463
SSD-MobileNet,dataset/test/no_tumor/no1071.jpg,no_tumor,no_tumor,0.9999500513076782
SSD-MobileNet,dataset/test/no_tumor/no1065.jpg,no_tumor,no_tumor,0.9999959468841553
SSD-MobileNet,dataset/test/no_tumor/no1059.jpg,no_tumor,no_tumor,0.9999953508377075
SSD-MobileNet,dataset/test/no_tumor/no1273.jpg,no_tumor,no_tumor,0.9999529123306274
SSD-MobileNet,dataset/test/no_tumor/no1267.jpg,no_tumor,no_tumor,0.9997605681419373
SSD-MobileNet,dataset/test/no_tumor/no1105.jpg,no_tumor,no_tumor,0.9989746809005737
SSD-MobileNet,dataset/test/no_tumor/no1111.jpg,no_tumor,no_tumor,0.9999754428863525
SSD-MobileNet,dataset/test/no_tumor/no1139.jpg,no_tumor,no_tumor,0.9995198249816895
SSD-MobileNet,dataset/test/no_tumor/no1176.jpg,no_tumor,no_tumor,0.9997780919075012
SSD-MobileNet,dataset/test/no_tumor/no1162.jpg,no_tumor,no_tumor,0.9999998807907104
SSD-MobileNet,dataset/test/no_tumor/no1189.jpg,no_tumor,no_tumor,0.9999582767486572
SSD-MobileNet,dataset/test/no_tumor/no1200.jpg,no_tumor,no_tumor,0.9999988079071045
SSD-MobileNet,dataset/test/no_tumor/no1214.jpg,no_tumor,no_tumor,0.9995476603507996
SSD-MobileNet,dataset/test/no_tumor/no1228.jpg,no_tumor,no_tumor,1.0
SSD-MobileNet,dataset/test/no_tumor/no1229.jpg,no_tumor,no_tumor,0.999991774559021
SSD-MobileNet,dataset/test/no_tumor/no1215.jpg,no_tumor,no_tumor,0.9999929666519165
SSD-MobileNet,dataset/test/no_tumor/no1201.jpg,no_tumor,no_tumor,0.9886651039123535
SSD-MobileNet,dataset/test/no_tumor/no1188.jpg,no_tumor,no_tumor,1.0
SSD-MobileNet,dataset/test/no_tumor/no1163.jpg,no_tumor,no_tumor,0.9989018440246582
SSD-MobileNet,dataset/test/no_tumor/no1177.jpg,no_tumor,no_tumor,0.9999990463256836
SSD-MobileNet,dataset/test/no_tumor/no1161.jpg,no_tumor,no_tumor,0.9999953508377075
SSD-MobileNet,dataset/test/no_tumor/no1175.jpg,no_tumor,no_tumor,0.9999986886978149
SSD-MobileNet,dataset/test/no_tumor/no1149.jpg,no_tumor,no_tumor,0.9999997615814209
SSD-MobileNet,dataset/test/no_tumor/no1217.jpg,no_tumor,no_tumor,0.9999991655349731
SSD-MobileNet,dataset/test/no_tumor/no1203.jpg,no_tumor,no_tumor,0.9999995231628418
SSD-MobileNet,dataset/test/no_tumor/no1202.jpg,no_tumor,no_tumor,0.9999157190322876
SSD-MobileNet,dataset/test/no_tumor/no1216.jpg,no_tumor,no_tumor,0.9999992847442627
SSD-MobileNet,dataset/test/no_tumor/no1148.jpg,no_tumor,no_tumor,0.999983549118042
SSD-MobileNet,dataset/test/no_tumor/no1174.jpg,no_tumor,no_tumor,0.9999915361404419
SSD-MobileNet,dataset/test/no_tumor/no1160.jpg,no_tumor,no_tumor,0.9999957084655762
SSD-MobileNet,dataset/test/no_tumor/no1158.jpg,no_tumor,no_tumor,0.9999809265136719
SSD-MobileNet,dataset/test/no_tumor/no1164.jpg,no_tumor,no_tumor,0.9880018830299377
SSD-MobileNet,dataset/test/no_tumor/no1170.jpg,no_tumor,no_tumor,0.9999858140945435
SSD-MobileNet,dataset/test/no_tumor/no1212.jpg,no_tumor,no_tumor,0.9998759031295776
SSD-MobileNet,dataset/test/no_tumor/no1206.jpg,no_tumor,no_tumor,0.9999988079071045
SSD-MobileNet,dataset/test/no_tumor/no1207.jpg,no_tumor,no_tumor,1.0
SSD-MobileNet,dataset/test/no_tumor/no1213.jpg,no_tumor,no_tumor,0.9994125366210938
SSD-MobileNet,dataset/test/no_tumor/no1171.jpg,no_tumor,no_tumor,0.9996292591094971
SSD-MobileNet,dataset/test/no_tumor/no1165.jpg,no_tumor,no_tumor,0.9821696877479553
SSD-MobileNet,dataset/test/no_tumor/no1159.jpg,no_tumor,no_tumor,0.9999794960021973
SSD-MobileNet,dataset/test/no_tumor/no1173.jpg,no_tumor,no_tumor,0.9999998807907104
SSD-MobileNet,dataset/test/no_tumor/no1167.jpg,no_tumor,no_tumor,0.9999362230300903
SSD-MobileNet,dataset/test/no_tumor/no1198.jpg,no_tumor,no_tumor,1.0
SSD-MobileNet,dataset/test/no_tumor/no1239.jpg,no_tumor,no_tumor,0.9999996423721313
SSD-MobileNet,dataset/test/no_tumor/no1205.jpg,no_tumor,no_tumor,0.9999359846115112
SSD-MobileNet,dataset/test/no_tumor/no1211.jpg,no_tumor,no_tumor,0.9996050000190735
SSD-MobileNet,dataset/test/no_tumor/no1210.jpg,no_tumor,no_tumor,0.9999731779098511
SSD-MobileNet,dataset/test/no_tumor/no1204.jpg,no_tumor,no_tumor,0.9999369382858276
SSD-MobileNet,dataset/test/no_tumor/no1238.jpg,no_tumor,no_tumor,0.9999303817749023
SSD-MobileNet,dataset/test/no_tumor/no1199.jpg,no_tumor,no_tumor,0.999996542930603
SSD-MobileNet,dataset/test/no_tumor/no1166.jpg,no_tumor,no_tumor,0.9947375655174255
SSD-MobileNet,dataset/test/no_tumor/no1172.jpg,no_tumor,no_tumor,0.9999988079071045
SSD-MobileNet,dataset/test/tumor/y1141.jpg,tumor,tumor,0.9999833106994629
SSD-MobileNet,dataset/test/tumor/y1155.jpg,tumor,tumor,0.9996949434280396
SSD-MobileNet,dataset/test/tumor/y1169.jpg,tumor,tumor,0.999998927116394
SSD-MobileNet,dataset/test/tumor/y1182.jpg,tumor,tumor,0.9999188184738159
SSD-MobileNet,dataset/test/tumor/y1196.jpg,tumor,tumor,0.9999858140945435
SSD-MobileNet,dataset/test/tumor/y1237.jpg,tumor,tumor,0.9305973052978516
SSD-MobileNet,dataset/test/tumor/y1223.jpg,tumor,tumor,0.9999986886978149
SSD-MobileNet,dataset/test/tumor/y1222.jpg,tumor,tumor,0.9995909333229065
SSD-MobileNet,dataset/test/tumor/y1236.jpg,tumor,tumor,0.9982861876487732
SSD-MobileNet,dataset/test/tumor/y1197.jpg,tumor,tumor,0.9991962313652039
SSD-MobileNet,dataset/test/tumor/y1183.jpg,tumor,tumor,0.8787729144096375
SSD-MobileNet,dataset/test/tumor/y1168.jpg,tumor,tumor,0.9989312291145325
SSD-MobileNet,dataset/test/tumor/y1154.jpg,tumor,tumor,0.9999958276748657
SSD-MobileNet,dataset/test/tumor/y1140.jpg,tumor,tumor,0.9997573494911194
SSD-MobileNet,dataset/test/tumor/y1156.jpg,tumor,tumor,0.9996534585952759
SSD-MobileNet,dataset/test/tumor/y1142.jpg,tumor,tumor,0.9999788999557495
SSD-MobileNet,dataset/test/tumor/y1195.jpg,tumor,tumor,0.9741021394729614
SSD-MobileNet,dataset/test/tumor/y1181.jpg,tumor,tumor,0.987272322177887
SSD-MobileNet,dataset/test/tumor/y1220.jpg,tumor,tumor,0.9989755153656006
SSD-MobileNet,dataset/test/tumor/y1234.jpg,tumor,tumor,0.9999946355819702
SSD-MobileNet,dataset/test/tumor/y1208.jpg,tumor,tumor,0.9999948740005493
SSD-MobileNet,dataset/test/tumor/y1209.jpg,tumor,tumor,0.9999978542327881
SSD-MobileNet,dataset/test/tumor/y1235.jpg,tumor,tumor,0.9999778270721436
SSD-MobileNet,dataset/test/tumor/y1221.jpg,tumor,tumor,0.9989783763885498
SSD-MobileNet,dataset/test/tumor/y1180.jpg,tumor,tumor,0.9995121955871582
SSD-MobileNet,dataset/test/tumor/y1194.jpg,tumor,tumor,0.9999984502792358
SSD-MobileNet,dataset/test/tumor/y1143.jpg,tumor,tumor,0.9955495595932007
SSD-MobileNet,dataset/test/tumor/y1157.jpg,tumor,tumor,0.9922878742218018
SSD-MobileNet,dataset/test/tumor/y1153.jpg,tumor,tumor,0.9150772094726562
SSD-MobileNet,dataset/test/tumor/y1147.jpg,tumor,tumor,0.9961430430412292
SSD-MobileNet,dataset/test/tumor/y1190.jpg,tumor,no_tumor,0.7028201818466187
SSD-MobileNet,dataset/test/tumor/y1184.jpg,tumor,tumor,0.999998927116394
SSD-MobileNet,dataset/test/tumor/y1219.jpg,tumor,tumor,0.8916525840759277
SSD-MobileNet,dataset/test/tumor/y1225.jpg,tumor,tumor,0.9999885559082031
SSD-MobileNet,dataset/test/tumor/y1231.jpg,tumor,tumor,0.8932684659957886
SSD-MobileNet,dataset/test/tumor/y1230.jpg,tumor,tumor,0.9998070597648621
SSD-MobileNet,dataset/test/tumor/y1224.jpg,tumor,tumor,0.9999996423721313
SSD-MobileNet,dataset/test/tumor/y1218.jpg,tumor,tumor,0.9999936819076538
SSD-MobileNet,dataset/test/tumor/y1185.jpg,tumor,tumor,0.9999195337295532
SSD-MobileNet,dataset/test/tumor/y1191.jpg,tumor,tumor,0.9999817609786987
SSD-MobileNet,dataset/test/tumor/y1146.jpg,tumor,tumor,0.9783903360366821
SSD-MobileNet,dataset/test/tumor/y1152.jpg,tumor,tumor,0.9513083100318909
SSD-MobileNet,dataset/test/tumor/y1178.jpg,tumor,tumor,0.9980608820915222
SSD-MobileNet,dataset/test/tumor/y1144.jpg,tumor,tumor,0.9999953508377075
SSD-MobileNet,dataset/test/tumor/y1150.jpg,tumor,tumor,0.999739944934845
SSD-MobileNet,dataset/test/tumor/y1187.jpg,tumor,tumor,0.9836381673812866
SSD-MobileNet,dataset/test/tumor/y1193.jpg,tumor,tumor,0.9999294281005859
SSD-MobileNet,dataset/test/tumor/y1232.jpg,tumor,tumor,0.9983810186386108
SSD-MobileNet,dataset/test/tumor/y1226.jpg,tumor,tumor,0.9993187189102173
SSD-MobileNet,dataset/test/tumor/y1227.jpg,tumor,tumor,0.9999897480010986
SSD-MobileNet,dataset/test/tumor/y1233.jpg,tumor,no_tumor,0.9525675773620605
SSD-MobileNet,dataset/test/tumor/y1192.jpg,tumor,tumor,0.9999234676361084
SSD-MobileNet,dataset/test/tumor/y1186.jpg,tumor,tumor,0.9999455213546753
SSD-MobileNet,dataset/test/tumor/y1151.jpg,tumor,tumor,0.9957459568977356
SSD-MobileNet,dataset/test/tumor/y1145.jpg,tumor,tumor,0.9999734163284302
SSD-MobileNet,dataset/test/tumor/y1179.jpg,tumor,tumor,0.9999966621398926
SSD-MobileNet,dataset/test/tumor/y1122.jpg,tumor,tumor,0.9999710321426392
SSD-MobileNet,dataset/test/tumor/y1136.jpg,tumor,tumor,0.9999713897705078
SSD-MobileNet,dataset/test/tumor/y1056.jpg,tumor,tumor,0.9999743700027466
SSD-MobileNet,dataset/test/tumor/y1095.jpg,tumor,tumor,1.0
SSD-MobileNet,dataset/test/tumor/y1081.jpg,tumor,tumor,0.9965859651565552
SSD-MobileNet,dataset/test/tumor/y1254.jpg,tumor,tumor,0.8467805981636047
SSD-MobileNet,dataset/test/tumor/y1240.jpg,tumor,tumor,0.9999933242797852
SSD-MobileNet,dataset/test/tumor/y1268.jpg,tumor,tumor,0.9631088972091675
SSD-MobileNet,dataset/test/tumor/y1269.jpg,tumor,tumor,0.9999942779541016
SSD-MobileNet,dataset/test/tumor/y1241.jpg,tumor,tumor,0.9999996423721313
SSD-MobileNet,dataset/test/tumor/y1255.jpg,tumor,tumor,0.9999988079071045
SSD-MobileNet,dataset/test/tumor/y1080.jpg,tumor,tumor,0.9966666102409363
SSD-MobileNet,dataset/test/tumor/y1094.jpg,tumor,tumor,0.9999542236328125
SSD-MobileNet,dataset/test/tumor/y1057.jpg,tumor,tumor,0.9999940395355225
SSD-MobileNet,dataset/test/tumor/y1137.jpg,tumor,no_tumor,0.7482209205627441
SSD-MobileNet,dataset/test/tumor/y1123.jpg,tumor,tumor,0.9890756607055664
SSD-MobileNet,dataset/test/tumor/y1135.jpg,tumor,tumor,0.9970455765724182
SSD-MobileNet,dataset/test/tumor/y1121.jpg,tumor,tumor,0.9972374439239502
SSD-MobileNet,dataset/test/tumor/y1109.jpg,tumor,tumor,0.999997615814209
SSD-MobileNet,dataset/test/tumor/y1055.jpg,tumor,tumor,0.9999784231185913
SSD-MobileNet,dataset/test/tumor/y1069.jpg,tumor,tumor,0.9999961853027344
SSD-MobileNet,dataset/test/tumor/y1082.jpg,tumor,tumor,0.9999582767486572
SSD-MobileNet,dataset/test/tumor/y1096.jpg,tumor,tumor,0.9357097744941711
SSD-MobileNet,dataset/test/tumor/y1243.jpg,tumor,tumor,0.9999992847442627
SSD-MobileNet,dataset/test/tumor/y1257.jpg,tumor,tumor,0.9997548460960388
SSD-MobileNet,dataset/test/tumor/y1256.jpg,tumor,tumor,0.9991900324821472
SSD-MobileNet,dataset/test/tumor/y1242.jpg,tumor,tumor,0.9964792132377625
SSD-MobileNet,dataset/test/tumor/y1097.jpg,tumor,tumor,0.9994877576828003
SSD-MobileNet,dataset/test/tumor/y1083.jpg,tumor,tumor,0.9999189376831055
SSD-MobileNet,dataset/test/tumor/y1068.jpg,tumor,tumor,0.9999964237213135
SSD-MobileNet,dataset/test/tumor/y1054.jpg,tumor,tumor,0.9995461106300354
SSD-MobileNet,dataset/test/tumor/y1108.jpg,tumor,tumor,0.9988679885864258
SSD-MobileNet,dataset/test/tumor/y1120.jpg,tumor,tumor,0.9999903440475464
SSD-MobileNet,dataset/test/tumor/y1134.jpg,tumor,tumor,0.9998154044151306
SSD-MobileNet,dataset/test/tumor/y1118.jpg,tumor,tumor,0.9999986886978149
SSD-MobileNet,dataset/test/tumor/y1130.jpg,tumor,tumor,0.999569833278656
SSD-MobileNet,dataset/test/tumor/y1124.jpg,tumor,tumor,0.999306321144104
SSD-MobileNet,dataset/test/tumor/y1078.jpg,tumor,tumor,0.9998741149902344
SSD-MobileNet,dataset/test/tumor/y1087.jpg,tumor,tumor,0.9992347955703735
SSD-MobileNet,dataset/test/tumor/y1093.jpg,tumor,tumor,0.9999334812164307
SSD-MobileNet,dataset/test/tumor/y1246.jpg,tumor,tumor,0.892977774143219
SSD-MobileNet,dataset/test/tumor/y1252.jpg,tumor,tumor,0.843347430229187
SSD-MobileNet,dataset/test/tumor/y1253.jpg,tumor,tumor,0.9694123268127441
SSD-MobileNet,dataset/test/tumor/y1247.jpg,tumor,tumor,0.9986715316772461
SSD-MobileNet,dataset/test/tumor/y1092.jpg,tumor,tumor,0.9998034834861755
SSD-MobileNet,dataset/test/tumor/y1086.jpg,tumor,tumor,0.9999799728393555
SSD-MobileNet,dataset/test/tumor/y1051.jpg,tumor,tumor,0.9999939203262329
SSD-MobileNet,dataset/test/tumor/y1079.jpg,tumor,tumor,0.9999560117721558
SSD-MobileNet,dataset/test/tumor/y1125.jpg,tumor,tumor,0.9999996423721313
SSD-MobileNet,dataset/test/tumor/y1131.jpg,tumor,tumor,0.999924898147583
SSD-MobileNet,dataset/test/tumor/y1119.jpg,tumor,tumor,1.0
SSD-MobileNet,dataset/test/tumor/y1127.jpg,tumor,tumor,0.999995231628418
SSD-MobileNet,dataset/test/tumor/y1133.jpg,tumor,tumor,0.7497089505195618
SSD-MobileNet,dataset/test/tumor/y1053.jpg,tumor,tumor,0.9066323637962341
SSD-MobileNet,dataset/test/tumor/y1090.jpg,tumor,no_tumor,0.6638330221176147
SSD-MobileNet,dataset/test/tumor/y1084.jpg,tumor,tumor,0.987083911895752
SSD-MobileNet,dataset/test/tumor/y1251.jpg,tumor,tumor,0.9971362352371216
SSD-MobileNet,dataset/test/tumor/y1245.jpg,tumor,tumor,0.5851038694381714
SSD-MobileNet,dataset/test/tumor/y1244.jpg,tumor,tumor,0.9999496936798096
SSD-MobileNet,dataset/test/tumor/y1250.jpg,tumor,tumor,0.9999874830245972
SSD-MobileNet,dataset/test/tumor/y1085.jpg,tumor,tumor,0.9998156428337097
SSD-MobileNet,dataset/test/tumor/y1091.jpg,tumor,tumor,0.9999392032623291
SSD-MobileNet,dataset/test/tumor/y1052.jpg,tumor,tumor,0.9996728897094727
SSD-MobileNet,dataset/test/tumor/y1132.jpg,tumor,tumor,0.9989944100379944
SSD-MobileNet,dataset/test/tumor/y1126.jpg,tumor,tumor,0.9998145699501038
SSD-MobileNet,dataset/test/tumor/y1103.jpg,tumor,tumor,0.9996534585952759
SSD-MobileNet,dataset/test/tumor/y1117.jpg,tumor,tumor,0.9971113204956055
SSD-MobileNet,dataset/test/tumor/y1077.jpg,tumor,tumor,0.9999167919158936
SSD-MobileNet,dataset/test/tumor/y1063.jpg,tumor,tumor,0.9999953508377075
SSD-MobileNet,dataset/test/tumor/y1088.jpg,tumor,tumor,0.9750198721885681
SSD-MobileNet,dataset/test/tumor/y1275.jpg,tumor,tumor,0.9989713430404663
SSD-MobileNet,dataset/test/tumor/y1261.jpg,tumor,tumor,0.9978070855140686
SSD-MobileNet,dataset/test/tumor/y1249.jpg,tumor,tumor,0.9999972581863403
SSD-MobileNet,dataset/test/tumor/y1248.jpg,tumor,tumor,0.9996503591537476
SSD-MobileNet,dataset/test/tumor/y1260.jpg,tumor,tumor,0.9994319081306458
SSD-MobileNet,dataset/test/tumor/y1274.jpg,tumor,tumor,0.9999991655349731
SSD-MobileNet,dataset/test/tumor/y1089.jpg,tumor,tumor,0.9717905521392822
SSD-MobileNet,dataset/test/tumor/y1062.jpg,tumor,tumor,0.974065363407135
SSD-MobileNet,dataset/test/tumor/y1076.jpg,tumor,tumor,0.8541240692138672
SSD-MobileNet,dataset/test/tumor/y1116.jpg,tumor,tumor,0.9999785423278809
SSD-MobileNet,dataset/test/tumor/y1102.jpg,tumor,tumor,0.9993388056755066
SSD-MobileNet,dataset/test/tumor/y1114.jpg,tumor,tumor,0.999930739402771
SSD-MobileNet,dataset/test/tumor/y1100.jpg,tumor,tumor,0.9987334609031677
SSD-MobileNet,dataset/test/tumor/y1128.jpg,tumor,tumor,0.9999916553497314
SSD-MobileNet,dataset/test/tumor/y1060.jpg,tumor,tumor,0.9999998807907104
SSD-MobileNet,dataset/test/tumor/y1074.jpg,tumor,tumor,0.9992715716362
SSD-MobileNet,dataset/test/tumor/y1262.jpg,tumor,tumor,0.8411251306533813
SSD-MobileNet,dataset/test/tumor/y1263.jpg,tumor,tumor,0.9691293239593506
SSD-MobileNet,dataset/test/tumor/y1075.jpg,tumor,tumor,0.9990236759185791
SSD-MobileNet,dataset/test/tumor/y1061.jpg,tumor,tumor,0.9985947012901306
SSD-MobileNet,dataset/test/tumor/y1129.jpg,tumor,tumor,0.9998301267623901
SSD-MobileNet,dataset/test/tumor/y1101.jpg,tumor,tumor,0.9962037205696106
SSD-MobileNet,dataset/test/tumor/y1115.jpg,tumor,tumor,0.9990160465240479
SSD-MobileNet,dataset/test/tumor/y1139.jpg,tumor,tumor,0.9939047694206238
SSD-MobileNet,dataset/test/tumor/y1111.jpg,tumor,tumor,0.9343866109848022
SSD-MobileNet,dataset/test/tumor/y1105.jpg,tumor,tumor,0.9946244359016418
SSD-MobileNet,dataset/test/tumor/y1059.jpg,tumor,tumor,0.9997424483299255
SSD-MobileNet,dataset/test/tumor/y1065.jpg,tumor,tumor,0.9984127283096313
SSD-MobileNet,dataset/test/tumor/y1071.jpg,tumor,tumor,0.9988148212432861
SSD-MobileNet,dataset/test/tumor/y1267.jpg,tumor,tumor,0.9981371164321899
SSD-MobileNet,dataset/test/tumor/y1273.jpg,tumor,tumor,0.9999840259552002
SSD-MobileNet,dataset/test/tumor/y1272.jpg,tumor,tumor,0.9999920129776001
SSD-MobileNet,dataset/test/tumor/y1266.jpg,tumor,tumor,0.9994454979896545
SSD-MobileNet,dataset/test/tumor/y1070.jpg,tumor,tumor,0.9998542070388794
SSD-MobileNet,dataset/test/tumor/y1064.jpg,tumor,tumor,0.9999663829803467
SSD-MobileNet,dataset/test/tumor/y1058.jpg,tumor,tumor,0.99947589635849
SSD-MobileNet,dataset/test/tumor/y1104.jpg,tumor,tumor,0.9998483657836914
SSD-MobileNet,dataset/test/tumor/y1110.jpg,tumor,tumor,0.999550998210907
SSD-MobileNet,dataset/test/tumor/y1138.jpg,tumor,tumor,0.999984622001648
SSD-MobileNet,dataset/test/tumor/y1106.jpg,tumor,tumor,0.9929628968238831
SSD-MobileNet,dataset/test/tumor/y1112.jpg,tumor,no_tumor,0.571220874786377
SSD-MobileNet,dataset/test/tumor/y1072.jpg,tumor,tumor,0.9999895095825195
SSD-MobileNet,dataset/test/tumor/y1066.jpg,tumor,tumor,0.9976188540458679
SSD-MobileNet,dataset/test/tumor/y1099.jpg,tumor,tumor,0.9999680519104004
SSD-MobileNet,dataset/test/tumor/y1258.jpg,tumor,tumor,0.9651273488998413
SSD-MobileNet,dataset/test/tumor/y1270.jpg,tumor,tumor,0.9999986886978149
SSD-MobileNet,dataset/test/tumor/y1264.jpg,tumor,tumor,0.9998170733451843
SSD-MobileNet,dataset/test/tumor/y1265.jpg,tumor,tumor,0.9998377561569214
SSD-MobileNet,dataset/test/tumor/y1271.jpg,tumor,tumor,0.9999555349349976
SSD-MobileNet,dataset/test/tumor/y1259.jpg,tumor,tumor,0.999970555305481
SSD-MobileNet,dataset/test/tumor/y1098.jpg,tumor,tumor,0.9899510741233826
SSD-MobileNet,dataset/test/tumor/y1067.jpg,tumor,tumor,0.9919742941856384
SSD-MobileNet,dataset/test/tumor/y1073.jpg,tumor,tumor,0.9999825954437256
SSD-MobileNet,dataset/test/tumor/y1113.jpg,tumor,tumor,0.9937908053398132
SSD-MobileNet,dataset/test/tumor/y1107.jpg,tumor,no_tumor,0.714388370513916
SSD-MobileNet,dataset/test/tumor/y1160.jpg,tumor,tumor,0.9963067770004272
SSD-MobileNet,dataset/test/tumor/y1174.jpg,tumor,tumor,0.9998741149902344
SSD-MobileNet,dataset/test/tumor/y1148.jpg,tumor,tumor,0.9993483424186707
SSD-MobileNet,dataset/test/tumor/y1216.jpg,tumor,tumor,0.9994138479232788
SSD-MobileNet,dataset/test/tumor/y1202.jpg,tumor,tumor,0.9627819061279297
SSD-MobileNet,dataset/test/tumor/y1203.jpg,tumor,tumor,0.9997102618217468
SSD-MobileNet,dataset/test/tumor/y1217.jpg,tumor,tumor,0.9741817712783813
SSD-MobileNet,dataset/test/tumor/y1149.jpg,tumor,tumor,0.9999908208847046
SSD-MobileNet,dataset/test/tumor/y1175.jpg,tumor,tumor,0.9994149208068848
SSD-MobileNet,dataset/test/tumor/y1161.jpg,tumor,tumor,0.9997873902320862
SSD-MobileNet,dataset/test/tumor/y1177.jpg,tumor,tumor,0.9999710321426392
SSD-MobileNet,dataset/test/tumor/y1163.jpg,tumor,tumor,0.9993263483047485
SSD-MobileNet,dataset/test/tumor/y1188.jpg,tumor,tumor,0.9992457628250122
SSD-MobileNet,dataset/test/tumor/y1201.jpg,tumor,tumor,0.9915456175804138
SSD-MobileNet,dataset/test/tumor/y1215.jpg,tumor,tumor,0.9999890327453613
SSD-MobileNet,dataset/test/tumor/y1229.jpg,tumor,tumor,0.9807188510894775
SSD-MobileNet,dataset/test/tumor/y1228.jpg,tumor,tumor,0.9997807145118713
SSD-MobileNet,dataset/test/tumor/y1214.jpg,tumor,tumor,0.9999967813491821
SSD-MobileNet,dataset/test/tumor/y1200.jpg,tumor,tumor,0.9892016649246216
SSD-MobileNet,dataset/test/tumor/y1189.jpg,tumor,tumor,0.97632896900177
SSD-MobileNet,dataset/test/tumor/y1162.jpg,tumor,tumor,0.9952309727668762
SSD-MobileNet,dataset/test/tumor/y1176.jpg,tumor,tumor,0.964250385761261
SSD-MobileNet,dataset/test/tumor/y1172.jpg,tumor,tumor,0.9997001886367798
SSD-MobileNet,dataset/test/tumor/y1166.jpg,tumor,tumor,0.9993522763252258
SSD-MobileNet,dataset/test/tumor/y1199.jpg,tumor,tumor,0.9994016885757446
SSD-MobileNet,dataset/test/tumor/y1238.jpg,tumor,tumor,0.9996241331100464
SSD-MobileNet,dataset/test/tumor/y1204.jpg,tumor,tumor,0.97342449426651
SSD-MobileNet,dataset/test/tumor/y1210.jpg,tumor,tumor,0.9600314497947693
SSD-MobileNet,dataset/test/tumor/y1211.jpg,tumor,tumor,0.9932835102081299
SSD-MobileNet,dataset/test/tumor/y1205.jpg,tumor,tumor,0.9835175275802612
SSD-MobileNet,dataset/test/tumor/y1239.jpg,tumor,tumor,0.9999837875366211
SSD-MobileNet,dataset/test/tumor/y1198.jpg,tumor,tumor,0.9998646974563599
SSD-MobileNet,dataset/test/tumor/y1167.jpg,tumor,tumor,0.9949972629547119
SSD-MobileNet,dataset/test/tumor/y1173.jpg,tumor,tumor,0.9998430013656616
SSD-MobileNet,dataset/test/tumor/y1159.jpg,tumor,tumor,0.9983097314834595
SSD-MobileNet,dataset/test/tumor/y1165.jpg,tumor,tumor,0.9994335770606995
SSD-MobileNet,dataset/test/tumor/y1171.jpg,tumor,tumor,0.9867620468139648
SSD-MobileNet,dataset/test/tumor/y1213.jpg,tumor,tumor,0.999961256980896
SSD-MobileNet,dataset/test/tumor/y1207.jpg,tumor,tumor,0.9999793767929077
SSD-MobileNet,dataset/test/tumor/y1206.jpg,tumor,tumor,0.9877789616584778
SSD-MobileNet,dataset/test/tumor/y1212.jpg,tumor,tumor,0.9999548196792603
SSD-MobileNet,dataset/test/tumor/y1170.jpg,tumor,tumor,0.9924312829971313
SSD-MobileNet,dataset/test/tumor/y1164.jpg,tumor,tumor,0.9999548196792603
SSD-MobileNet,dataset/test/tumor/y1158.jpg,tumor,tumor,0.9999914169311523
